source;destination;statut;sha256_source;taille_source;note
1° tome/000 bSans titre - 1.jpg;Tome 01 - 1781-1800/Tome 01 - scan 0001 - couverture.jpg;conservé;d8b3def7ded04810d9f9c804dde43d23726bea604903f6d5065967057881e830;420295;Le numéro de scan est un ordre de lecture, pas un numéro manuscrit.
1° tome/000 eSans titre - 2.jpg;Tome 01 - 1781-1800/Tome 01 - scan 0002 - page de titre.jpg;conservé;92a93ff5807b0f4f5b5ac5e607364fcc9abc0a5122c29dc140cf1abbc30a6045;392506;Le numéro de scan est un ordre de lecture, pas un numéro manuscrit.
1° tome/001 Sans titre - 4.jpg;Tome 01 - 1781-1800/Tome 01 - scan 0003 - introduction.jpg;conservé;5875ca31e101c5f166b01b385b0f92cc8e96ee62c1ba36927cd55c26b66f4fcb;1430541;Le numéro de scan est un ordre de lecture, pas un numéro manuscrit.
1° tome/002 Sans titre - 5.jpg;Tome 01 - 1781-1800/Tome 01 - scan 0004 - feuillet.jpg;conservé;9c714bc6d0ac50eb3035edddc5d3663bae4bf22a1fdc4afc70f8d5d1314f7f98;1750857;Le numéro de scan est un ordre de lecture, pas un numéro manuscrit.
1° tome/003 Sans titre - 6.jpg;Tome 01 - 1781-1800/Tome 01 - scan 0005 - feuillet.jpg;conservé;d45d71c903d4de47f1155073dafa56037fc497ad17a998cd093700ca92c12d2d;1425307;Le numéro de scan est un ordre de lecture, pas un numéro manuscrit.
1° tome/004 Sans titre - 7.jpg;Tome 01 - 1781-1800/Tome 01 - scan 0006 - plan.jpg;conservé;8a5ee276cc25e0dc342d6e6fe6c193fb907b585f53b7d7b8630b5d35fca80a09;1099088;Le numéro de scan est un ordre de lecture, pas un numéro manuscrit.
1° tome/005 Sans titre - 8.jpg;Tome 01 - 1781-1800/Tome 01 - scan 0007 - feuillet.jpg;conservé;d2f9da08ea2a7ffc3811277574c394aab0bc318957005638dedb6475052e5c51;750310;Le numéro de scan est un ordre de lecture, pas un numéro manuscrit.
1° tome/006 Sans titre - 9.jpg;Tome 01 - 1781-1800/Tome 01 - scan 0008 - feuillet.jpg;conservé;3c8f1d82ad799d90b471065679f3ad0038175dae6a73a51d586550ed7b7c6b07;1465124;Le numéro de scan est un ordre de lecture, pas un numéro manuscrit.
1° tome/007 Sans titre - 10.jpg;Tome 01 - 1781-1800/Tome 01 - scan 0009 - feuillet.jpg;conservé;52e4c337d8f26c04a09199b42fe05f1278d95b86d215f6f1e8a2773478f8bce2;1571871;Le numéro de scan est un ordre de lecture, pas un numéro manuscrit.
1° tome/008 Sans titre - 11.jpg;Tome 01 - 1781-1800/Tome 01 - scan 0010 - feuillet.jpg;conservé;c3461660ac99a231c3169124ad6a2b81dbfe310b1a33f4a32fcb5b10aae31891;1653266;Le numéro de scan est un ordre de lecture, pas un numéro manuscrit.
1° tome/009 Sans titre - 12.jpg;Tome 01 - 1781-1800/Tome 01 - scan 0011 - feuillet.jpg;conservé;cf507a12de6fe89f9f342e9894a75d06f27d9dae4f5dff7f213fb80452fc9fd5;1605734;Le numéro de scan est un ordre de lecture, pas un numéro manuscrit.
1° tome/010 Sans titre - 13.jpg;Tome 01 - 1781-1800/Tome 01 - scan 0012 - feuillet.jpg;conservé;23671a74e0d3b0aa08f7754076a6483f5873dfc80b49eded03df481d5858d07b;1814006;Le numéro de scan est un ordre de lecture, pas un numéro manuscrit.
1° tome/011 Sans titre - 14.jpg;Tome 01 - 1781-1800/Tome 01 - scan 0013 - feuillet.jpg;conservé;cc1cdf8ef064470ff17b83a58994f7680e9064bdcc7f04f1d5fa651837032ab7;1783837;Le numéro de scan est un ordre de lecture, pas un numéro manuscrit.
1° tome/012 Sans titre - 15.jpg;Tome 01 - 1781-1800/Tome 01 - scan 0014 - feuillet.jpg;conservé;16ecc27cc645ba60124582d7d2cf8c7b536617d3aa27f1e7ea8eb3c4615a9d77;2516277;Le numéro de scan est un ordre de lecture, pas un numéro manuscrit.
1° tome/013 Sans titre - 16.jpg;Tome 01 - 1781-1800/Tome 01 - scan 0015 - feuillet.jpg;conservé;94f5cb1a51cfb4fbe78591ff8333d3318a55d7b0f30bdc259d4260a42ae779a8;1689769;Le numéro de scan est un ordre de lecture, pas un numéro manuscrit.
1° tome/014 Sans titre - 17.jpg;Tome 01 - 1781-1800/Tome 01 - scan 0016 - feuillet.jpg;conservé;d958cab32dc572f9796cfcb4729a9123f2e75bb08ddbf021a3a8b2470d48cebd;1775485;Le numéro de scan est un ordre de lecture, pas un numéro manuscrit.
1° tome/015 Sans titre - 18.jpg;Tome 01 - 1781-1800/Tome 01 - scan 0017 - feuillet.jpg;conservé;a722ea016af9c7dfd3072db8a8b3312f9f20fd0e649a0880f9c41d59585ae5ef;1713625;Le numéro de scan est un ordre de lecture, pas un numéro manuscrit.
1° tome/016 Sans titre - 19.jpg;Tome 01 - 1781-1800/Tome 01 - scan 0018 - feuillet.jpg;conservé;13222e85aaac8833c9b24c332f1cd1b6daf2a70fca9b0dcf65368d294ba99050;1574935;Le numéro de scan est un ordre de lecture, pas un numéro manuscrit.
1° tome/017 Sans titre - 20.jpg;Tome 01 - 1781-1800/Tome 01 - scan 0019 - feuillet.jpg;conservé;4fc9711ca6907bf8676bd1ef01462bb7453852347fcd7b9476a4a77c285ca159;1585886;Le numéro de scan est un ordre de lecture, pas un numéro manuscrit.
1° tome/018 Sans titre - 21.jpg;Tome 01 - 1781-1800/Tome 01 - scan 0020 - feuillet.jpg;conservé;e9c6d0238914468b3a5562b3bf22878e028c58b435687a69bff22718b0ba6b8a;1629523;Le numéro de scan est un ordre de lecture, pas un numéro manuscrit.
1° tome/019 Sans titre - 22.jpg;Tome 01 - 1781-1800/Tome 01 - scan 0021 - feuillet.jpg;conservé;299be8e244a58b2951c5eeda7302d907a760034f692892f9b290fc5b03dec2bf;1466126;Le numéro de scan est un ordre de lecture, pas un numéro manuscrit.
1° tome/020 Sans titre - 23.jpg;Tome 01 - 1781-1800/Tome 01 - scan 0022 - feuillet.jpg;conservé;062dae0db51111ba20fdf2bb8a28c63b14a6fcfaa056870e8ad337e1a021b307;1738707;Le numéro de scan est un ordre de lecture, pas un numéro manuscrit.
1° tome/021 Sans titre - 24.jpg;Tome 01 - 1781-1800/Tome 01 - scan 0023 - feuillet.jpg;conservé;b5cb0526260c0d0b7692fc134ff69fc2ec50a948f7620e952a46f9df31b89913;1624949;Le numéro de scan est un ordre de lecture, pas un numéro manuscrit.
1° tome/022 Sans titre - 25.jpg;Tome 01 - 1781-1800/Tome 01 - scan 0024 - feuillet.jpg;conservé;c1076f7e8780edec4245b357c59ac975d1c6e7197ec98a23d992f770ef3725ea;1764562;Le numéro de scan est un ordre de lecture, pas un numéro manuscrit.
1° tome/023 Sans titre - 26.jpg;Tome 01 - 1781-1800/Tome 01 - scan 0025 - feuillet.jpg;conservé;b639f71646cede8c83f5c7aff62f50257a330fa96b082d1c0c8fbfc719397fae;1567220;Le numéro de scan est un ordre de lecture, pas un numéro manuscrit.
1° tome/024 chap 2 Sans titre - 27.jpg;Tome 01 - 1781-1800/Tome 01 - scan 0026 - feuillet.jpg;conservé;14e74ffcbdb00755144fb4ab5d22f5cd3f138972d62c4ba2c066df061840aa63;1438370;Le numéro de scan est un ordre de lecture, pas un numéro manuscrit.
1° tome/025 Sans titre - 28.jpg;Tome 01 - 1781-1800/Tome 01 - scan 0027 - feuillet.jpg;conservé;cfc7bdb9cc4598081c44d093f82397c3b3c40dc2e6b68874f6de879859f67584;1614898;Le numéro de scan est un ordre de lecture, pas un numéro manuscrit.
1° tome/026 Sans titre - 29.jpg;Tome 01 - 1781-1800/Tome 01 - scan 0028 - feuillet.jpg;conservé;f47e240c3e4015c77c04d25fedd6a856567ff9b2a30b13831ab5baf405923073;1630873;Le numéro de scan est un ordre de lecture, pas un numéro manuscrit.
1° tome/027 Sans titre - 30.jpg;Tome 01 - 1781-1800/Tome 01 - scan 0029 - feuillet.jpg;conservé;1e1501b6ed31a3199b83789a7c09659000d036df47acb5318c1db04791a8c2e0;1490810;Le numéro de scan est un ordre de lecture, pas un numéro manuscrit.
1° tome/028 Sans titre - 31.jpg;Tome 01 - 1781-1800/Tome 01 - scan 0030 - feuillet.jpg;conservé;f97c8d2019c30adaf7947d2a4ea634194870ffb89f73167aeb95d54102c85142;1575628;Le numéro de scan est un ordre de lecture, pas un numéro manuscrit.
1° tome/029 Sans titre - 32.jpg;Tome 01 - 1781-1800/Tome 01 - scan 0031 - feuillet.jpg;conservé;58dee7839171a82d7dfee569c41aee775ac07eb58ca34070c035602bca818313;1736002;Le numéro de scan est un ordre de lecture, pas un numéro manuscrit.
1° tome/030 Sans titre - 33.jpg;Tome 01 - 1781-1800/Tome 01 - scan 0032 - feuillet.jpg;conservé;92fec96a7fa016c938b2e7be3735f70bc6d274a3e5210296c93ba213edc5a9d1;1736390;Le numéro de scan est un ordre de lecture, pas un numéro manuscrit.
1° tome/031 Sans titre - 34.jpg;Tome 01 - 1781-1800/Tome 01 - scan 0033 - feuillet.jpg;conservé;ab6785d4bc64b12492f802c1213eb966d6f2b89d41ea7917c4188aede164967f;1594400;Le numéro de scan est un ordre de lecture, pas un numéro manuscrit.
1° tome/032 Sans titre - 35.jpg;Tome 01 - 1781-1800/Tome 01 - scan 0034 - feuillet.jpg;conservé;3cf6d6ba52fc0e201ccfb494f6ba72245aaaeaec60f8a5007c9662626ee78231;1866460;Le numéro de scan est un ordre de lecture, pas un numéro manuscrit.
1° tome/033 Sans titre - 36.jpg;Tome 01 - 1781-1800/Tome 01 - scan 0035 - feuillet.jpg;conservé;45b92faf914c76c24d6931419d043025cccf6b4e70626b8543dc7a797a5e7ea0;1117162;Le numéro de scan est un ordre de lecture, pas un numéro manuscrit.
1° tome/034 Sans titre - 37.jpg;Tome 01 - 1781-1800/Tome 01 - scan 0036 - feuillet.jpg;conservé;1321583f90a574e71b90d33d85fbd422d2537f70af4b2d7d2ec74ddb98d919f1;1606799;Le numéro de scan est un ordre de lecture, pas un numéro manuscrit.
1° tome/035 Sans titre - 38.jpg;Tome 01 - 1781-1800/Tome 01 - scan 0037 - feuillet.jpg;conservé;8ed2c5f420a4a98941728e252450a955b0819f345298c436071e658a07ba51a2;1636998;Le numéro de scan est un ordre de lecture, pas un numéro manuscrit.
1° tome/036 Sans titre - 39.jpg;Tome 01 - 1781-1800/Tome 01 - scan 0038 - feuillet.jpg;conservé;71fc607bc42d9d330a880d1984aa3d8dd9ff2b6e9e6ab60a0395907755eefa49;1896476;Le numéro de scan est un ordre de lecture, pas un numéro manuscrit.
1° tome/037 Sans titre - 40.jpg;Tome 01 - 1781-1800/Tome 01 - scan 0039 - feuillet.jpg;conservé;99908fa332560b74c1bdfa7310b1ca5fc958169ec3017ee8eff3b16db30b0f60;1769062;Le numéro de scan est un ordre de lecture, pas un numéro manuscrit.
1° tome/038 Sans titre - 41.jpg;Tome 01 - 1781-1800/Tome 01 - scan 0040 - feuillet.jpg;conservé;8058300214ad340a9b53dee14a9dd8adaee032536932763b564dd0f9485492ea;1747553;Le numéro de scan est un ordre de lecture, pas un numéro manuscrit.
1° tome/039 Sans titre - 42.jpg;Tome 01 - 1781-1800/Tome 01 - scan 0041 - feuillet.jpg;conservé;c944178dd3a1121789dfb01709988dc0fce0e38d306405f769beffe858f5e02c;1519895;Le numéro de scan est un ordre de lecture, pas un numéro manuscrit.
1° tome/040 Sans titre - 43.jpg;Tome 01 - 1781-1800/Tome 01 - scan 0042 - feuillet.jpg;conservé;0b64414ba4bfa0a36dcf361040b4487de08fb5533d9934458865978a7a9d46a4;1603717;Le numéro de scan est un ordre de lecture, pas un numéro manuscrit.
1° tome/041 Sans titre - 44.jpg;Tome 01 - 1781-1800/Tome 01 - scan 0043 - feuillet.jpg;conservé;20179acd8cee09f71552aa55d864f99b755c62195eadfe0989032158ba60a106;1473421;Le numéro de scan est un ordre de lecture, pas un numéro manuscrit.
1° tome/042 Sans titre - 45.jpg;Tome 01 - 1781-1800/Tome 01 - scan 0044 - feuillet.jpg;conservé;bc3f7cbb80b0f6a7f2598987bf1f3bdb86e425b89dc86242e3b69994bc74c018;2029775;Le numéro de scan est un ordre de lecture, pas un numéro manuscrit.
1° tome/043 Sans titre - 46.jpg;Tome 01 - 1781-1800/Tome 01 - scan 0045 - feuillet.jpg;conservé;51523bb0da9a5a1f03cd4045fd1b7f37c31eb31026f7f28156c456ac877fc331;1593426;Le numéro de scan est un ordre de lecture, pas un numéro manuscrit.
1° tome/044 Sans titre - 48.jpg;Tome 01 - 1781-1800/Tome 01 - scan 0046 - feuillet.jpg;conservé;84cbbe3d54daa473ac7f25890d8c1ac64dc3b6101e975c130c011edfdd032d5a;1731864;Le numéro de scan est un ordre de lecture, pas un numéro manuscrit.
1° tome/045 Sans titre - 49.jpg;Tome 01 - 1781-1800/Tome 01 - scan 0047 - feuillet.jpg;conservé;930ca80fad759f684c4d385ec25a0c450708aaa314b14a8d9d1b5082d9579201;1730406;Le numéro de scan est un ordre de lecture, pas un numéro manuscrit.
1° tome/046 Sans titre - 50.jpg;Tome 01 - 1781-1800/Tome 01 - scan 0048 - feuillet.jpg;conservé;7462f642d872aaf410ce9acf2195d7916155a96303088f04a75b0a82910e2d57;1521736;Le numéro de scan est un ordre de lecture, pas un numéro manuscrit.
1° tome/047 Sans titre - 51.jpg;Tome 01 - 1781-1800/Tome 01 - scan 0049 - feuillet.jpg;conservé;41050a66a63b5fb6a2d78cb8a11026ed587395b76f680c36043ee99a393e293f;1633074;Le numéro de scan est un ordre de lecture, pas un numéro manuscrit.
1° tome/048 Sans titre - 52.jpg;Tome 01 - 1781-1800/Tome 01 - scan 0050 - feuillet.jpg;conservé;61bae33977950e297eb558efe667137c6264bd5f14ea3b68032ec7a62a662c98;1637048;Le numéro de scan est un ordre de lecture, pas un numéro manuscrit.
1° tome/049 Sans titre - 53.jpg;Tome 01 - 1781-1800/Tome 01 - scan 0051 - feuillet.jpg;conservé;6eb0f73479deefbeadf7c6678ee88e493e5e163381e9736188d68acd10ead7fa;1671721;Le numéro de scan est un ordre de lecture, pas un numéro manuscrit.
1° tome/050 Sans titre - 54.jpg;Tome 01 - 1781-1800/Tome 01 - scan 0052 - feuillet.jpg;conservé;109c2608acfe928c6eb15f777589bf693e233ea6be7e778b721edb33f4081aa6;1513876;Le numéro de scan est un ordre de lecture, pas un numéro manuscrit.
1° tome/051 Sans titre - 55.jpg;Tome 01 - 1781-1800/Tome 01 - scan 0053 - feuillet.jpg;conservé;73d6b0ed1c7f5717724e73f4540722683092065f8628c416b97083e2abdf217e;1547265;Le numéro de scan est un ordre de lecture, pas un numéro manuscrit.
1° tome/052 Sans titre - 56.jpg;Tome 01 - 1781-1800/Tome 01 - scan 0054 - feuillet.jpg;conservé;d3b5b2988b93d21051f63ac607583affc745e69b79b12f7fa068da880351f119;1366081;Le numéro de scan est un ordre de lecture, pas un numéro manuscrit.
1° tome/053 Sans titre - 57.jpg;Tome 01 - 1781-1800/Tome 01 - scan 0055 - feuillet.jpg;conservé;8a9b509c877509a0ee07d0c0263ac3d38f3c4c8067fa94ef5deb5eddeff4ce32;1499533;Le numéro de scan est un ordre de lecture, pas un numéro manuscrit.
1° tome/054 Sans titre - 58.jpg;Tome 01 - 1781-1800/Tome 01 - scan 0056 - feuillet.jpg;conservé;7f8552afbc70c0620193cc65a57a68f0e07daa2b917e3ecfbe70db710cebc8b8;1437220;Le numéro de scan est un ordre de lecture, pas un numéro manuscrit.
1° tome/055 Sans titre - 59.jpg;Tome 01 - 1781-1800/Tome 01 - scan 0057 - feuillet.jpg;conservé;042fdfed1d3cb43133533dea1e63817005e68aba83b0cf092330065ff1149abb;1440636;Le numéro de scan est un ordre de lecture, pas un numéro manuscrit.
1° tome/056 Sans titre - 60.jpg;Tome 01 - 1781-1800/Tome 01 - scan 0058 - feuillet.jpg;conservé;470a2443efc5670c6be027356ba96a74028e0ad1cff4b4703bbeec258b89869d;1356182;Le numéro de scan est un ordre de lecture, pas un numéro manuscrit.
1° tome/057 Sans titre - 61.jpg;Tome 01 - 1781-1800/Tome 01 - scan 0059 - feuillet.jpg;conservé;08d7ff7fa30bd3c0da9b86f2446f49930bc7aa5cc4f831166fd60eec09841dfc;1680746;Le numéro de scan est un ordre de lecture, pas un numéro manuscrit.
1° tome/058 Sans titre - 62.jpg;Tome 01 - 1781-1800/Tome 01 - scan 0060 - feuillet.jpg;conservé;65430683b4d26e4575eea22e69a8c6bd7d6c778661908ec142e2bdb94744f555;1543520;Le numéro de scan est un ordre de lecture, pas un numéro manuscrit.
1° tome/059 Sans titre - 63.jpg;Tome 01 - 1781-1800/Tome 01 - scan 0061 - feuillet.jpg;conservé;8e86c95de10fcb952e825686c93d028956f2558b62e528a6c69572af1c9c82f7;1574439;Le numéro de scan est un ordre de lecture, pas un numéro manuscrit.
1° tome/060 Sans titre - 64.jpg;Tome 01 - 1781-1800/Tome 01 - scan 0062 - feuillet.jpg;conservé;a18de5b5015ca1729df53027e628571b3fbd391ca7cf5e76c184e092e975f27a;1552359;Le numéro de scan est un ordre de lecture, pas un numéro manuscrit.
1° tome/061 Sans titre - 65.jpg;Tome 01 - 1781-1800/Tome 01 - scan 0063 - feuillet.jpg;conservé;a92f4f3102ec72d196fbfe433884676f56eca961b68a5c287c976e2aa150fb7f;1414208;Le numéro de scan est un ordre de lecture, pas un numéro manuscrit.
1° tome/062 Sans titre - 66.jpg;Tome 01 - 1781-1800/Tome 01 - scan 0064 - feuillet.jpg;conservé;b5a329f9987c8258fc3aacb516d14852da4bf9bf8400f5929d0934e35744956a;1707768;Le numéro de scan est un ordre de lecture, pas un numéro manuscrit.
1° tome/063 Sans titre - 67.jpg;Tome 01 - 1781-1800/Tome 01 - scan 0065 - feuillet.jpg;conservé;bbcb0bfeb38bdd1ff29a0f755e9901bad88ee94b45ad157eda93a4e0f5e8fbd4;1440499;Le numéro de scan est un ordre de lecture, pas un numéro manuscrit.
1° tome/064 Sans titre - 68.jpg;Tome 01 - 1781-1800/Tome 01 - scan 0066 - feuillet.jpg;conservé;d77bd7de16ee7f4a201b61b6484e276a7203d533d5533cb9bbd0c1cf85efb936;1546055;Le numéro de scan est un ordre de lecture, pas un numéro manuscrit.
1° tome/065 Sans titre - 69.jpg;Tome 01 - 1781-1800/Tome 01 - scan 0067 - feuillet.jpg;conservé;f27bed682cbbb7aff8daf4549683af5fd5f3af0d6f3fe0d83ce24791198fe9b5;1528551;Le numéro de scan est un ordre de lecture, pas un numéro manuscrit.
1° tome/066 Sans titre - 70.jpg;Tome 01 - 1781-1800/Tome 01 - scan 0068 - feuillet.jpg;conservé;378c1f4074cf9db8a60e785e6d1f12c15f5ffcc742327d1e48c94c80fd74bb01;1560413;Le numéro de scan est un ordre de lecture, pas un numéro manuscrit.
1° tome/067 Sans titre - 71.jpg;Tome 01 - 1781-1800/Tome 01 - scan 0069 - feuillet.jpg;conservé;905adf3fb6322f6b98eaab86fe528030deb7609211b3f66c60c57cfaa8034c39;1755724;Le numéro de scan est un ordre de lecture, pas un numéro manuscrit.
1° tome/068 Sans titre - 72.jpg;Tome 01 - 1781-1800/Tome 01 - scan 0070 - feuillet.jpg;conservé;29af91c03fdbf8335d629554ed347da851999f14ef0124d5d4a4c99d44409f13;1526106;Le numéro de scan est un ordre de lecture, pas un numéro manuscrit.
1° tome/069 Sans titre - 73.jpg;Tome 01 - 1781-1800/Tome 01 - scan 0071 - feuillet.jpg;conservé;87eaa942d7c031b900a44d2f0c880df0a68b156877aba4f6312a7ccbe92d34b3;1661301;Le numéro de scan est un ordre de lecture, pas un numéro manuscrit.
1° tome/070 Sans titre - 74.jpg;Tome 01 - 1781-1800/Tome 01 - scan 0072 - feuillet.jpg;conservé;546aa1b03bdb9143514fd3b6c5efeb799d31689f2c7aae47a8ef8b4f95e78ced;1449134;Le numéro de scan est un ordre de lecture, pas un numéro manuscrit.
1° tome/071 Sans titre - 75.jpg;Tome 01 - 1781-1800/Tome 01 - scan 0073 - feuillet.jpg;conservé;5832ab1432930460bb4c8d340eaee4f95c8083963daae962381127cec1ecf212;1291569;Le numéro de scan est un ordre de lecture, pas un numéro manuscrit.
1° tome/072 Sans titre - 76.jpg;Tome 01 - 1781-1800/Tome 01 - scan 0074 - feuillet.jpg;conservé;7147e09fd1db13260b5690205be986186e9ee7ef2b4f8a906c31060e6c7681d7;1620609;Le numéro de scan est un ordre de lecture, pas un numéro manuscrit.
1° tome/073 Sans titre - 77.jpg;Tome 01 - 1781-1800/Tome 01 - scan 0075 - feuillet.jpg;conservé;ada3a500ac91ce4bbe2f8b32e3fac175aad1271ada8073eccdc961513e97ff22;1531016;Le numéro de scan est un ordre de lecture, pas un numéro manuscrit.
1° tome/074 Sans titre - 78.jpg;Tome 01 - 1781-1800/Tome 01 - scan 0076 - feuillet.jpg;conservé;d83dabe6b756f00a33b845d680350b1242506ca4827f37503a7ae0101868dfbd;1752795;Le numéro de scan est un ordre de lecture, pas un numéro manuscrit.
1° tome/075 Sans titre - 79.jpg;Tome 01 - 1781-1800/Tome 01 - scan 0077 - feuillet.jpg;conservé;c54ebbda9fe88f7a63a1adb6e98a9fa5305ed4259d936a9b0eec49735aab291b;1624212;Le numéro de scan est un ordre de lecture, pas un numéro manuscrit.
1° tome/076 Sans titre - 80.jpg;Tome 01 - 1781-1800/Tome 01 - scan 0078 - feuillet.jpg;conservé;517fe7bafd6760154a6c94147f30b389285f8009a2052ea51e97a7e42c991851;1609283;Le numéro de scan est un ordre de lecture, pas un numéro manuscrit.
1° tome/077 Sans titre - 81.jpg;Tome 01 - 1781-1800/Tome 01 - scan 0079 - feuillet.jpg;conservé;64a8ea0277dde1bb1cf91e0ebc73f71e9f3a274e75005892b06c79c9f4453efe;1645123;Le numéro de scan est un ordre de lecture, pas un numéro manuscrit.
1° tome/078 Sans titre - 82.jpg;Tome 01 - 1781-1800/Tome 01 - scan 0080 - feuillet.jpg;conservé;5e843a14a3c2b25664c358d9bd2921d13dcf14658ebad064161253092c162ea8;1454250;Le numéro de scan est un ordre de lecture, pas un numéro manuscrit.
1° tome/079 Sans titre - 83.jpg;Tome 01 - 1781-1800/Tome 01 - scan 0081 - feuillet.jpg;conservé;6f251cedd415b62c00580b84aa0df489157929af429f530da227a31e1b2fd877;1461917;Le numéro de scan est un ordre de lecture, pas un numéro manuscrit.
1° tome/080 Sans titre - 84.jpg;Tome 01 - 1781-1800/Tome 01 - scan 0082 - feuillet.jpg;conservé;004f6b89ef93893371235ca63992f637d6eb965bd441adc80c463665c7f2e5d4;1547624;Le numéro de scan est un ordre de lecture, pas un numéro manuscrit.
1° tome/081 Sans titre - 85.jpg;Tome 01 - 1781-1800/Tome 01 - scan 0083 - feuillet.jpg;conservé;dafc7da2844fbbbda3097cf0083bac58b147d0bf34b3ec88402004ac28ff5449;1585639;Le numéro de scan est un ordre de lecture, pas un numéro manuscrit.
1° tome/082 Sans titre - 86.jpg;Tome 01 - 1781-1800/Tome 01 - scan 0084 - feuillet.jpg;conservé;2d465a5dabb3c67eed2d1a31c46644fcddf6d6364d28311a8b11e8f19a50776b;1610406;Le numéro de scan est un ordre de lecture, pas un numéro manuscrit.
1° tome/083 Sans titre - 87.jpg;Tome 01 - 1781-1800/Tome 01 - scan 0085 - feuillet.jpg;conservé;8be52489a3fd07e6b0331455d7ad4c522f8ef3deb504d4e4e68afa5bf9c5846b;1597121;Le numéro de scan est un ordre de lecture, pas un numéro manuscrit.
1° tome/084 Sans titre - 88.jpg;Tome 01 - 1781-1800/Tome 01 - scan 0086 - feuillet.jpg;conservé;e431f76dd6304cfa40d1247551164ae2938a8d2d239278fe41a014d84cc782a2;1459199;Le numéro de scan est un ordre de lecture, pas un numéro manuscrit.
1° tome/085 Sans titre - 89.jpg;Tome 01 - 1781-1800/Tome 01 - scan 0087 - feuillet.jpg;conservé;ac321332c6d8a96c376f459f0b939227ede84a66988fffc0e8e62064d1750a8f;1548900;Le numéro de scan est un ordre de lecture, pas un numéro manuscrit.
1° tome/086 Sans titre - 90.jpg;Tome 01 - 1781-1800/Tome 01 - scan 0088 - feuillet.jpg;conservé;14f56d6fb74b6fc314258ef574f12e3bb6a94ab006d351c7277aab46a865c24e;1544646;Le numéro de scan est un ordre de lecture, pas un numéro manuscrit.
1° tome/087 Sans titre - 91.jpg;Tome 01 - 1781-1800/Tome 01 - scan 0089 - feuillet.jpg;conservé;732cf50a6e7c7e93ab09c274f48656315ee402001673b34f56c304cf8ba7d9ec;1587640;Le numéro de scan est un ordre de lecture, pas un numéro manuscrit.
1° tome/088 Sans titre - 92.jpg;Tome 01 - 1781-1800/Tome 01 - scan 0090 - feuillet.jpg;conservé;99012c34bcfa4fd9d446190df7d4b51861eee82e7286a4b0a5628e8043d19fd6;1454390;Le numéro de scan est un ordre de lecture, pas un numéro manuscrit.
1° tome/089 Sans titre - 93.jpg;Tome 01 - 1781-1800/Tome 01 - scan 0091 - feuillet.jpg;conservé;6f48792e2f16634ae32479825073b94b78a1e3230e023e655481a2e3d6f31679;1586792;Le numéro de scan est un ordre de lecture, pas un numéro manuscrit.
1° tome/090 Sans titre - 94.jpg;Tome 01 - 1781-1800/Tome 01 - scan 0092 - feuillet.jpg;conservé;74a039da9b9c314c06a589b473ddda026169fccdc3cf92b919d4013be1ae2259;1666890;Le numéro de scan est un ordre de lecture, pas un numéro manuscrit.
1° tome/091 Sans titre - 95.jpg;Tome 01 - 1781-1800/Tome 01 - scan 0093 - feuillet.jpg;conservé;0337dcc1c2fcdc5714111fbec01ab2def605c0019b7a60216b8aa4ce8cd0dcba;1549018;Le numéro de scan est un ordre de lecture, pas un numéro manuscrit.
1° tome/092 Sans titre - 96.jpg;Tome 01 - 1781-1800/Tome 01 - scan 0094 - feuillet.jpg;conservé;88039d9facdcf968fe40eb64c4f25f7ff7eb1ed026c1bd84a52b99c3cfcf311d;1468531;Le numéro de scan est un ordre de lecture, pas un numéro manuscrit.
1° tome/093 Sans titre - 97.jpg;Tome 01 - 1781-1800/Tome 01 - scan 0095 - feuillet.jpg;conservé;67c6a68ba26759be53c22288f81dfc89584db0d6c3df6adaf4bd876587c03596;1584569;Le numéro de scan est un ordre de lecture, pas un numéro manuscrit.
1° tome/094 Sans titre - 98.jpg;Tome 01 - 1781-1800/Tome 01 - scan 0096 - feuillet.jpg;conservé;27d259a3dbaec97b29715bdfef562f705f51637e1d9edf1a8cc8a43e1f8f7f2f;1451139;Le numéro de scan est un ordre de lecture, pas un numéro manuscrit.
1° tome/095 Sans titre - 99.jpg;Tome 01 - 1781-1800/Tome 01 - scan 0097 - feuillet.jpg;conservé;fef2a556b4bdbb4939ba3adc60d4163a3e33a654d4398746e49420216d2a52c1;1525135;Le numéro de scan est un ordre de lecture, pas un numéro manuscrit.
1° tome/096 Sans titre - 100.jpg;Tome 01 - 1781-1800/Tome 01 - scan 0098 - feuillet.jpg;conservé;23b9085fd7e528c683a6fd9e9db7242ff48115cdef742ab04cbfad6c5fa1bdb2;1495268;Le numéro de scan est un ordre de lecture, pas un numéro manuscrit.
1° tome/097 Sans titre - 101.jpg;Tome 01 - 1781-1800/Tome 01 - scan 0099 - feuillet.jpg;conservé;7c7ab3ee9bb4317b0a941c5368acf8394941ef35bb3de6aa51d4d3157127e9ca;1590182;Le numéro de scan est un ordre de lecture, pas un numéro manuscrit.
1° tome/098 Sans titre - 102.jpg;Tome 01 - 1781-1800/Tome 01 - scan 0100 - feuillet.jpg;conservé;24364aea53efb8ee3443b11d6ed2448dbec4d47ed597dee95b18051e2a1a1db3;1469611;Le numéro de scan est un ordre de lecture, pas un numéro manuscrit.
1° tome/099 Sans titre - 103.jpg;Tome 01 - 1781-1800/Tome 01 - scan 0101 - feuillet.jpg;conservé;cd7dcb498a29de7b7747db924c412d2bbf750d4e904bab53b3c3fd39f59adc80;1516472;Le numéro de scan est un ordre de lecture, pas un numéro manuscrit.
1° tome/100 Sans titre - 104.jpg;Tome 01 - 1781-1800/Tome 01 - scan 0102 - feuillet.jpg;conservé;94db650c3b8aa0dcb25bb7787a58e6460b31657c7fc4c8f767b90159e73f3889;1608731;Le numéro de scan est un ordre de lecture, pas un numéro manuscrit.
1° tome/101 Sans titre - 106.jpg;Tome 01 - 1781-1800/Tome 01 - scan 0103 - feuillet.jpg;conservé;cf283326393f384f2f626b142e1760207e3d2df367c60f19266c06394a10156c;1569650;Le numéro de scan est un ordre de lecture, pas un numéro manuscrit.
1° tome/102 Sans titre - 107.jpg;Tome 01 - 1781-1800/Tome 01 - scan 0104 - feuillet.jpg;conservé;f8f6a9f007fe097aebcf90060337b31eb4f424d77b1d6569576e122a0858db64;1543133;Le numéro de scan est un ordre de lecture, pas un numéro manuscrit.
1° tome/103 Sans titre - 108.jpg;Tome 01 - 1781-1800/Tome 01 - scan 0105 - feuillet.jpg;conservé;2ef874719eaa70c13695b881a85639b210f2681c48e7453525bdf4cfcafc968d;1317593;Le numéro de scan est un ordre de lecture, pas un numéro manuscrit.
1° tome/104 Sans titre - 109.jpg;Tome 01 - 1781-1800/Tome 01 - scan 0106 - feuillet.jpg;conservé;84853ca8d708384df9cde763cee38ef94a0553757aa26894bb4240d7a4b04db9;1539977;Le numéro de scan est un ordre de lecture, pas un numéro manuscrit.
1° tome/105 Sans titre - 110.jpg;Tome 01 - 1781-1800/Tome 01 - scan 0107 - feuillet.jpg;conservé;2e782914d889135f577ffc35cbb2b6aca6fb1534eff691acf7fef432ee94519d;1471465;Le numéro de scan est un ordre de lecture, pas un numéro manuscrit.
1° tome/106 Sans titre - 111.jpg;Tome 01 - 1781-1800/Tome 01 - scan 0108 - feuillet.jpg;conservé;5308aee7e05e712477d6d032b6ee4c7b13f2f1afd33a13a76c6c42f753871c37;1572944;Le numéro de scan est un ordre de lecture, pas un numéro manuscrit.
1° tome/107 Sans titre - 112.jpg;Tome 01 - 1781-1800/Tome 01 - scan 0109 - feuillet.jpg;conservé;c7ca2cbd3a708a69457b30acb07b8f6aff058b2567e4b61e6bcf49f5827a00d4;1363469;Le numéro de scan est un ordre de lecture, pas un numéro manuscrit.
1° tome/108 Sans titre - 113.jpg;Tome 01 - 1781-1800/Tome 01 - scan 0110 - feuillet.jpg;conservé;3d2a3af910b2947562f7e584f71d7baa6011f43487e43912d8df9ab34c36e4a3;1542785;Le numéro de scan est un ordre de lecture, pas un numéro manuscrit.
1° tome/109 Sans titre - 114.jpg;Tome 01 - 1781-1800/Tome 01 - scan 0111 - feuillet.jpg;conservé;6648008c77e5b07b277693ef461cf1450dbb88215476257a70b9842d2cb6ab08;1513828;Le numéro de scan est un ordre de lecture, pas un numéro manuscrit.
1° tome/110 Sans titre - 115.jpg;Tome 01 - 1781-1800/Tome 01 - scan 0112 - feuillet.jpg;conservé;554c5cde1029db3dafb32a389956c3eb9393da232ffe1c422f2ee51cac05e6c5;1593467;Le numéro de scan est un ordre de lecture, pas un numéro manuscrit.
1° tome/111 Sans titre - 116.jpg;Tome 01 - 1781-1800/Tome 01 - scan 0113 - feuillet.jpg;conservé;96a195403d782b6f8e3663d807f6d02633476980f3d57a956fd9daebaaf2a0f8;1521087;Le numéro de scan est un ordre de lecture, pas un numéro manuscrit.
1° tome/112 Sans titre - 117.jpg;Tome 01 - 1781-1800/Tome 01 - scan 0114 - feuillet.jpg;conservé;ee13fe12d6efc695e5d6a1fdd90b847ae6138c2255e8712e505f431d7b07a36f;1446903;Le numéro de scan est un ordre de lecture, pas un numéro manuscrit.
1° tome/113 Sans titre - 118.jpg;Tome 01 - 1781-1800/Tome 01 - scan 0115 - feuillet.jpg;conservé;7bd2b4b7b20df1936515750c061d67dd13896c467272ae3b61f39105d52f84bf;1539404;Le numéro de scan est un ordre de lecture, pas un numéro manuscrit.
1° tome/114 Sans titre - 119.jpg;Tome 01 - 1781-1800/Tome 01 - scan 0116 - feuillet.jpg;conservé;f61c405568df750a11cbda53235885c5d4246c898f138a2771f39176013c425b;1474076;Le numéro de scan est un ordre de lecture, pas un numéro manuscrit.
1° tome/115 Sans titre - 120.jpg;Tome 01 - 1781-1800/Tome 01 - scan 0117 - feuillet.jpg;conservé;785d587a18eb5f71d53c8ad9ccfd17b4604df0aab5070bd3550ffb3cdf53a16a;1399131;Le numéro de scan est un ordre de lecture, pas un numéro manuscrit.
1° tome/116 Sans titre - 121.jpg;Tome 01 - 1781-1800/Tome 01 - scan 0118 - feuillet.jpg;conservé;b92dc3526389116b49dd28f9221a214eb1b9934d3f31a57c43acbc3e56ef5f85;1511612;Le numéro de scan est un ordre de lecture, pas un numéro manuscrit.
1° tome/117 Sans titre - 122.jpg;Tome 01 - 1781-1800/Tome 01 - scan 0119 - feuillet.jpg;conservé;2d954ee4b28df4f9d8c1eff7efc24f551cb87e68aeb0a9b64fbf7e433ffc434c;1619108;Le numéro de scan est un ordre de lecture, pas un numéro manuscrit.
1° tome/118 Sans titre - 123.jpg;Tome 01 - 1781-1800/Tome 01 - scan 0120 - feuillet.jpg;conservé;1bf386927f60c91b99c8dd03c49a563b7e93840cd6e33ae92c56a1ebd654f367;1394222;Le numéro de scan est un ordre de lecture, pas un numéro manuscrit.
1° tome/119 Sans titre - 124.jpg;Tome 01 - 1781-1800/Tome 01 - scan 0121 - feuillet.jpg;conservé;6f8f4791edadb2aebcdcf180a2073fb6ca2af1a485cfb053923c6063c378baa5;1603562;Le numéro de scan est un ordre de lecture, pas un numéro manuscrit.
1° tome/120 Sans titre - 125.jpg;Tome 01 - 1781-1800/Tome 01 - scan 0122 - feuillet.jpg;conservé;ff44060fabc7faa9e3522f6377b7fd6776a1f291d900f098beb8bd043753fdc4;1421752;Le numéro de scan est un ordre de lecture, pas un numéro manuscrit.
1° tome/121 Sans titre - 126.jpg;Tome 01 - 1781-1800/Tome 01 - scan 0123 - feuillet.jpg;conservé;e081e4c8af8f80ce149cf82659e266074db327684042a1f85da0a2987db81f52;1507642;Le numéro de scan est un ordre de lecture, pas un numéro manuscrit.
1° tome/122 Sans titre - 127.jpg;Tome 01 - 1781-1800/Tome 01 - scan 0124 - feuillet.jpg;conservé;0a71686cf2fae39373d4db85fa7d82e5db9d1e80590247e646a5d86514387567;752257;Le numéro de scan est un ordre de lecture, pas un numéro manuscrit.
2° tome/Sans titre - 1.jpg;Tome 02 - 1800-1807/Tome 02 - scan 0001 - couverture.jpg;conservé;e7076dce8825f025bc4cfde77f2ca85beaa113f1dfcffafa776c92b9d3bb8bb0;695573;Le numéro de scan est un ordre de lecture, pas un numéro manuscrit.
2° tome/Sans titre - 2.jpg;Tome 02 - 1800-1807/Tome 02 - scan 0002 - feuillet.jpg;conservé;1aa249f77e6169b4f575c7a9cbf696e80d3aaf96aa72bf0cd908ef09dfa95b33;967127;Le numéro de scan est un ordre de lecture, pas un numéro manuscrit.
2° tome/Sans titre - 3.jpg;Tome 02 - 1800-1807/Tome 02 - scan 0003 - feuillet.jpg;conservé;ea6a2020e4372b7f12fc1f596cdacf75f7a4ab24a0bc8cfd8e3d7e35f06a5099;1347948;Le numéro de scan est un ordre de lecture, pas un numéro manuscrit.
2° tome/Sans titre - 4 (=124).jpg;Tome 02 - 1800-1807/Tome 02 - scan 0004 - feuillet.jpg;conservé;7aeb1e1f1b3ee65b20537aabb6d24c2f7058bef5814710f897fdb1c28bd342a9;1378611;Le numéro de scan est un ordre de lecture, pas un numéro manuscrit.
2° tome/Sans titre - 5.jpg;Tome 02 - 1800-1807/Tome 02 - scan 0005 - feuillet.jpg;conservé;2a84995fe08b7f4e21915133d423960c323abb5486d97ab61c496603dabd991a;1141505;Le numéro de scan est un ordre de lecture, pas un numéro manuscrit.
2° tome/Sans titre - 6.jpg;Tome 02 - 1800-1807/Tome 02 - scan 0006 - feuillet.jpg;conservé;cc5381c2fb10a36c633d301a7311b39b0e7b00b44e26a529673a8f1cf22c2c81;1795751;Le numéro de scan est un ordre de lecture, pas un numéro manuscrit.
2° tome/Sans titre - 7.jpg;Tome 02 - 1800-1807/Tome 02 - scan 0007 - feuillet.jpg;conservé;6d98e023948ab0bc90f9e10a33e82f24f6aedd3141517a0aab4f6fa4fafdad8e;1352136;Le numéro de scan est un ordre de lecture, pas un numéro manuscrit.
2° tome/Sans titre - 8.jpg;Tome 02 - 1800-1807/Tome 02 - scan 0008 - feuillet.jpg;conservé;e3f4a2d7dc8454122dfa03511ebf315c163688af8236ca3f0c8c459ff055b5d1;1201351;Le numéro de scan est un ordre de lecture, pas un numéro manuscrit.
2° tome/Sans titre - 9.jpg;Tome 02 - 1800-1807/Tome 02 - scan 0009 - feuillet.jpg;conservé;a657e928579d2a8b65e8b328d5cdb6fb5a87872acbe1c3af8027f5d640e56b8c;1350485;Le numéro de scan est un ordre de lecture, pas un numéro manuscrit.
2° tome/Sans titre - 10.jpg;Tome 02 - 1800-1807/Tome 02 - scan 0010 - feuillet.jpg;conservé;fba54e4bc8361397c2aa7aa9584038c61da2eb2e59d5415b82401efc22e91858;1250999;Le numéro de scan est un ordre de lecture, pas un numéro manuscrit.
2° tome/Sans titre - 11.jpg;Tome 02 - 1800-1807/Tome 02 - scan 0011 - feuillet.jpg;conservé;6cd96379ba7414de6816413fe94643101c7f730795cbb3bb9de6a855889e5e5d;1396454;Le numéro de scan est un ordre de lecture, pas un numéro manuscrit.
2° tome/Sans titre - 13.jpg;Tome 02 - 1800-1807/Tome 02 - scan 0012 - feuillet.jpg;conservé;c09bdaba6f200637882532d5d0554dfa98ca6b64d365dfc651096e67b5efadbf;1290947;Le numéro de scan est un ordre de lecture, pas un numéro manuscrit.
2° tome/Sans titre - 14.jpg;Tome 02 - 1800-1807/Tome 02 - scan 0013 - feuillet.jpg;conservé;083aae110bc462bb8539ad5564d24dcd0522f23c3b75d7d54382cc51b65c287d;1441975;Le numéro de scan est un ordre de lecture, pas un numéro manuscrit.
2° tome/Sans titre - 15.jpg;Tome 02 - 1800-1807/Tome 02 - scan 0014 - feuillet.jpg;conservé;bede6307240693ab945b0535a6702eeab8903bf425139d4133194a5149ba39db;1231903;Le numéro de scan est un ordre de lecture, pas un numéro manuscrit.
2° tome/Sans titre - 16.jpg;Tome 02 - 1800-1807/Tome 02 - scan 0015 - feuillet.jpg;conservé;cf832928c6b68dbec72420dc19db0f568929a318265e5dee2b30ba8d07af6a50;1386504;Le numéro de scan est un ordre de lecture, pas un numéro manuscrit.
2° tome/Sans titre - 17.jpg;Tome 02 - 1800-1807/Tome 02 - scan 0016 - feuillet.jpg;conservé;bc621a7ff785b644ce63e0186bf44b39d2b0f38314609ea86d9834432962b028;1239226;Le numéro de scan est un ordre de lecture, pas un numéro manuscrit.
2° tome/Sans titre - 18.jpg;Tome 02 - 1800-1807/Tome 02 - scan 0017 - feuillet.jpg;conservé;b0c4b8464eba9bcbdcc07e9418a8cacfd59f4effe735ff4df130b8deb05c024e;1370133;Le numéro de scan est un ordre de lecture, pas un numéro manuscrit.
2° tome/Sans titre - 19.jpg;Tome 02 - 1800-1807/Tome 02 - scan 0018 - feuillet.jpg;conservé;99b73606ccdf7f2549dc7ed431a3bf18039cf15a69a95a8c6d5d0dad9f3f6ac8;1282327;Le numéro de scan est un ordre de lecture, pas un numéro manuscrit.
2° tome/Sans titre - 20.jpg;Tome 02 - 1800-1807/Tome 02 - scan 0019 - feuillet.jpg;conservé;2efc4c059043c7c09ef79620d5a84a996c9da8ef64c69cd2d85edd607023053a;1307306;Le numéro de scan est un ordre de lecture, pas un numéro manuscrit.
2° tome/Sans titre - 21.jpg;Tome 02 - 1800-1807/Tome 02 - scan 0020 - feuillet.jpg;conservé;2b1699db05a5497075f2e1dd68a4913d1dc97ba0111a135b7ebb2467d1b873f4;918968;Le numéro de scan est un ordre de lecture, pas un numéro manuscrit.
2° tome/Sans titre - 22.jpg;Tome 02 - 1800-1807/Tome 02 - scan 0021 - feuillet.jpg;conservé;6f65c7ed63b97ccdb06305ffe7e01c3f8c4affa9b9f0803262a7d23ecb6a21ca;1093745;Le numéro de scan est un ordre de lecture, pas un numéro manuscrit.
2° tome/Sans titre - 23.jpg;Tome 02 - 1800-1807/Tome 02 - scan 0022 - feuillet.jpg;conservé;617b8fa707666190a7812f54ef4489dbb5a066ec83f6f592366b287f03985079;1299963;Le numéro de scan est un ordre de lecture, pas un numéro manuscrit.
2° tome/Sans titre - 24.jpg;Tome 02 - 1800-1807/Tome 02 - scan 0023 - feuillet.jpg;conservé;32494972358bf90a161924c0e7579086a658855d5743d4cd366052f5fe86e616;1368351;Le numéro de scan est un ordre de lecture, pas un numéro manuscrit.
2° tome/Sans titre - 25.jpg;Tome 02 - 1800-1807/Tome 02 - scan 0024 - feuillet.jpg;conservé;05c91293e18d3436d1484274dc3edd70608c32ed7fe7c77cca18fa76a8c98702;1294434;Le numéro de scan est un ordre de lecture, pas un numéro manuscrit.
2° tome/Sans titre - 26.jpg;Tome 02 - 1800-1807/Tome 02 - scan 0025 - feuillet.jpg;conservé;cbe00f1c698f97345c6d09775256ecf519cd10e60dd566f4f5b7c3298566b731;1368284;Le numéro de scan est un ordre de lecture, pas un numéro manuscrit.
2° tome/Sans titre - 27.jpg;Tome 02 - 1800-1807/Tome 02 - scan 0026 - feuillet.jpg;conservé;37d34fa4f6a6c764dc4dd3b26a79bf5fb6102127e104ffb855e0bf166d79f5b7;1374135;Le numéro de scan est un ordre de lecture, pas un numéro manuscrit.
2° tome/Sans titre - 28.jpg;Tome 02 - 1800-1807/Tome 02 - scan 0027 - feuillet.jpg;conservé;99d84b3ab93f92d68dbcb70a73cb45ed72b69f478484c24f61f32eef9afca0ed;1414119;Le numéro de scan est un ordre de lecture, pas un numéro manuscrit.
2° tome/Sans titre - 29.jpg;Tome 02 - 1800-1807/Tome 02 - scan 0028 - feuillet.jpg;conservé;4e3ccbb742e0ddea28a60271cff67a46752f17f0b5e65fb0b28d7c678163eb64;1381073;Le numéro de scan est un ordre de lecture, pas un numéro manuscrit.
2° tome/Sans titre - 31.jpg;Tome 02 - 1800-1807/Tome 02 - scan 0029 - feuillet.jpg;conservé;02b2b031081811a69b2a210d9def2d6df12b2451c11c1f3d83338094e7fc0732;1428233;Le numéro de scan est un ordre de lecture, pas un numéro manuscrit.
2° tome/Sans titre - 32.jpg;Tome 02 - 1800-1807/Tome 02 - scan 0030 - feuillet.jpg;conservé;7fe2b72e229ef084a48349802d3de63d5d2ffcf3e8d1b0bd701fd4508901c985;1392533;Le numéro de scan est un ordre de lecture, pas un numéro manuscrit.
2° tome/Sans titre - 33.jpg;Tome 02 - 1800-1807/Tome 02 - scan 0031 - feuillet.jpg;conservé;d367159d294f0b210bd520ae27d8f0fac6b6aadbecc65d784976420ce8e822bf;1433019;Le numéro de scan est un ordre de lecture, pas un numéro manuscrit.
2° tome/Sans titre - 34.jpg;Tome 02 - 1800-1807/Tome 02 - scan 0032 - feuillet.jpg;conservé;e0aa272b26c96940f4e9116b158c713265d21aaf0c8ba30fe16dc1c39cac5bd9;1330122;Le numéro de scan est un ordre de lecture, pas un numéro manuscrit.
2° tome/Sans titre - 35.jpg;Tome 02 - 1800-1807/Tome 02 - scan 0033 - feuillet.jpg;conservé;18d647d90256e5ceb5d6f49c6327bc9a9b72a3b3979b0634bf0af71802e3695d;1206436;Le numéro de scan est un ordre de lecture, pas un numéro manuscrit.
2° tome/Sans titre - 36.jpg;Tome 02 - 1800-1807/Tome 02 - scan 0034 - feuillet.jpg;conservé;3a10bb1cd5590e6e0517c169aeff7625f932d90db2cea445146c2eb0bebdad1b;1354243;Le numéro de scan est un ordre de lecture, pas un numéro manuscrit.
2° tome/Sans titre - 37.jpg;Tome 02 - 1800-1807/Tome 02 - scan 0035 - feuillet.jpg;conservé;5a7e91bdbbf5e94d46f2cf15cab3d01c373f66fd87ea2411c3a17e2b60da6edc;1392613;Le numéro de scan est un ordre de lecture, pas un numéro manuscrit.
2° tome/Sans titre - 38.jpg;Tome 02 - 1800-1807/Tome 02 - scan 0036 - feuillet.jpg;conservé;1900ec5202c022d903c37299ce1a17a5b352755b7f2ed3bbf93f1f993d64082b;1356936;Le numéro de scan est un ordre de lecture, pas un numéro manuscrit.
2° tome/Sans titre - 39.jpg;Tome 02 - 1800-1807/Tome 02 - scan 0037 - feuillet.jpg;conservé;232e844a3fa1d971008c43a7706ee1b4a802953ee9116578864c6bec5e18f681;1463534;Le numéro de scan est un ordre de lecture, pas un numéro manuscrit.
2° tome/Sans titre - 40.jpg;Tome 02 - 1800-1807/Tome 02 - scan 0038 - feuillet.jpg;conservé;beb58884b6964cbe120e69aeb1190f67a1fd6ec3fe4a5ceaf7b3e80dd5af8fdd;1365608;Le numéro de scan est un ordre de lecture, pas un numéro manuscrit.
2° tome/Sans titre - 41.jpg;Tome 02 - 1800-1807/Tome 02 - scan 0039 - feuillet.jpg;conservé;02ace41b5931cdd0b7d71a49494a7be930834b81b9fc4e6f1e14ffbd76fbd526;1437961;Le numéro de scan est un ordre de lecture, pas un numéro manuscrit.
2° tome/Sans titre - 42.jpg;Tome 02 - 1800-1807/Tome 02 - scan 0040 - feuillet.jpg;conservé;281d618e259d853b45a7ba95b850b156d68a2fd901e4f7085e06710b627d9c9b;1349741;Le numéro de scan est un ordre de lecture, pas un numéro manuscrit.
2° tome/Sans titre - 43.jpg;Tome 02 - 1800-1807/Tome 02 - scan 0041 - feuillet.jpg;conservé;5e69f79f4654ce2e9b2527ce9e29efd8c501f5dadd7101fcac143f0504d6803a;1614148;Le numéro de scan est un ordre de lecture, pas un numéro manuscrit.
2° tome/Sans titre - 44.jpg;Tome 02 - 1800-1807/Tome 02 - scan 0042 - feuillet.jpg;conservé;debfaef1cd1c936795ded57b9b3e8111ad5c66974b9f9b211ddca55150b2056c;1407808;Le numéro de scan est un ordre de lecture, pas un numéro manuscrit.
2° tome/Sans titre - 46.jpg;Tome 02 - 1800-1807/Tome 02 - scan 0043 - feuillet.jpg;conservé;e34a7958f51a613b676832a4d56a6c151ee1cdbedf0c6ac3c9cc094f94053316;1472481;Le numéro de scan est un ordre de lecture, pas un numéro manuscrit.
2° tome/Sans titre - 47.jpg;Tome 02 - 1800-1807/Tome 02 - scan 0044 - feuillet.jpg;conservé;76ad89f2090f6d14d9dccbf619198335a3b349bde909bbd161fc90f1d572034a;1457565;Le numéro de scan est un ordre de lecture, pas un numéro manuscrit.
2° tome/Sans titre - 48.jpg;Tome 02 - 1800-1807/Tome 02 - scan 0045 - feuillet.jpg;conservé;ed0a1a25968e6352328e7988da39d9230e7f0827964a93533d9c912345b9e5e9;1481751;Le numéro de scan est un ordre de lecture, pas un numéro manuscrit.
2° tome/Sans titre - 49.jpg;Tome 02 - 1800-1807/Tome 02 - scan 0046 - feuillet.jpg;conservé;69ea386198ead1b8ff46f9cb5f88d74039ebe8079468a043ece89c4982ce41e2;1254664;Le numéro de scan est un ordre de lecture, pas un numéro manuscrit.
2° tome/Sans titre - 51.jpg;Tome 02 - 1800-1807/Tome 02 - scan 0047 - feuillet.jpg;conservé;f20e01eb10e874016071128ef6c5630d960bc0abdbfcebf741bda3ee748d15fa;1425351;Le numéro de scan est un ordre de lecture, pas un numéro manuscrit.
2° tome/Sans titre - 52.jpg;Tome 02 - 1800-1807/Tome 02 - scan 0048 - feuillet.jpg;conservé;3a7409b00be2d862e649d1fea7566cf239afda2bbfee6fe42f04e63e1e2b7abf;1371866;Le numéro de scan est un ordre de lecture, pas un numéro manuscrit.
2° tome/Sans titre - 53.jpg;Tome 02 - 1800-1807/Tome 02 - scan 0049 - feuillet.jpg;conservé;bf30093e636ef095eec263836d3dc97294120d215c6619c6dfb5387476988a51;1332994;Le numéro de scan est un ordre de lecture, pas un numéro manuscrit.
2° tome/Sans titre - 54.jpg;Tome 02 - 1800-1807/Tome 02 - scan 0050 - feuillet.jpg;conservé;ff4474d37a6adbb2bd8a05b2f2f353c1227d529b2443da2fc59756eef69722b4;1317851;Le numéro de scan est un ordre de lecture, pas un numéro manuscrit.
2° tome/Sans titre - 55.jpg;Tome 02 - 1800-1807/Tome 02 - scan 0051 - feuillet.jpg;conservé;ae6af8d6d9c0e39ff8b5040a556cc60305d4f2daa649da27cd8f53b3d23136f7;1401586;Le numéro de scan est un ordre de lecture, pas un numéro manuscrit.
2° tome/Sans titre - 56.jpg;Tome 02 - 1800-1807/Tome 02 - scan 0052 - feuillet.jpg;conservé;09455777f4130966dd6a90ed55b381a6d4363fafe752db4694a5fc506811e3c2;1294476;Le numéro de scan est un ordre de lecture, pas un numéro manuscrit.
2° tome/Sans titre - 57.jpg;Tome 02 - 1800-1807/Tome 02 - scan 0053 - feuillet.jpg;conservé;49b88e69ff8470e47b4b501e9226e8d62981a13f26e6e0a753f5a081c15637c8;1395928;Le numéro de scan est un ordre de lecture, pas un numéro manuscrit.
2° tome/Sans titre - 58.jpg;Tome 02 - 1800-1807/Tome 02 - scan 0054 - feuillet.jpg;conservé;c1750edc153ce77ace7e3338ba089dd0531b5ebe12a07f2bae29d8ce3fa3f17f;1293666;Le numéro de scan est un ordre de lecture, pas un numéro manuscrit.
2° tome/Sans titre - 59.jpg;Tome 02 - 1800-1807/Tome 02 - scan 0055 - feuillet.jpg;conservé;1be99ef720c27f94ae5ff1aae2c0780667e0913c9c69f6af5c53fc9f7c55c5a7;1386511;Le numéro de scan est un ordre de lecture, pas un numéro manuscrit.
2° tome/Sans titre - 60.jpg;Tome 02 - 1800-1807/Tome 02 - scan 0056 - feuillet.jpg;conservé;ec7438dbce3c6cfac2915161904b721450cd739a5e20431210ca8965db460170;1274307;Le numéro de scan est un ordre de lecture, pas un numéro manuscrit.
2° tome/Sans titre - 60a.jpg;Tome 02 - 1800-1807/Tome 02 - scan 0057 - feuillet.jpg;conservé;26c52c26e1b27ddad37153707c6c3f8131543e3d4a905c35a434cef42f6bfc14;1393733;Le numéro de scan est un ordre de lecture, pas un numéro manuscrit.
2° tome/Sans titre - 61.jpg;Tome 02 - 1800-1807/Tome 02 - scan 0058 - feuillet.jpg;conservé;04538b8d123c50720f339260739c5be5380954a4b142f99b25c8cac9c0041f93;1305444;Le numéro de scan est un ordre de lecture, pas un numéro manuscrit.
2° tome/Sans titre - 62.jpg;Tome 02 - 1800-1807/Tome 02 - scan 0059 - feuillet.jpg;conservé;16854f8f5c085556243651f854a4368fd6f11a83618212d4284e6586fe3e084e;1280620;Le numéro de scan est un ordre de lecture, pas un numéro manuscrit.
2° tome/omission/Sans titre - 3.jpg;Tome 02 - 1800-1807/Tome 02 - scan 0060 - début du chapitre 11.jpg;conservé;2752304ccc61d45e8d641d8f5023ce57c009fbdc9b87513ef856a4e6555e8f5d;1277324;Le numéro de scan est un ordre de lecture, pas un numéro manuscrit.
2° tome/omission/Sans titre - 4.jpg;Tome 02 - 1800-1807/Tome 02 - scan 0061 - complément du chapitre 11.jpg;conservé;f24ea543d182bba157cb99513f64f9aa79066f44f0df300d784bedf64283b60a;1377464;Le numéro de scan est un ordre de lecture, pas un numéro manuscrit.
2° tome/omission/Sans titre - 5.jpg;Tome 02 - 1800-1807/Tome 02 - scan 0062 - complément du chapitre 11.jpg;conservé;5bb3ef8ecac3d34f5604651133acf79309ecfa2060ac073fbf89aa95319fa785;1386468;Le numéro de scan est un ordre de lecture, pas un numéro manuscrit.
2° tome/omission/Sans titre - 6.jpg;Tome 02 - 1800-1807/Tome 02 - scan 0063 - complément du chapitre 11.jpg;conservé;d3d4ef24ba38016a13e9605eb00e61c1c0fa4480f33e6e753b0d6bc900ded4f7;1439731;Le numéro de scan est un ordre de lecture, pas un numéro manuscrit.
2° tome/omission/Sans titre - 7.jpg;Tome 02 - 1800-1807/Tome 02 - scan 0064 - complément du chapitre 11.jpg;conservé;a1d12172d533e2ede4a6991efa7914429ccf4955f9e61b16736860af404a750b;1319029;Le numéro de scan est un ordre de lecture, pas un numéro manuscrit.
2° tome/omission/Sans titre - 8.jpg;Tome 02 - 1800-1807/Tome 02 - scan 0065 - complément du chapitre 11.jpg;conservé;12c4045b2969b21e785fa1bef8a5284c862c3354f6f68caacc97721fec790458;1416851;Le numéro de scan est un ordre de lecture, pas un numéro manuscrit.
2° tome/omission/Sans titre - 9.jpg;Tome 02 - 1800-1807/Tome 02 - scan 0066 - complément du chapitre 11.jpg;conservé;b7b8689002a4ce1f018b48aeb4d8dd9bbd3bbcf526309d64be1ea9303494f5dd;1330539;Le numéro de scan est un ordre de lecture, pas un numéro manuscrit.
2° tome/omission/Sans titre - 10.jpg;Tome 02 - 1800-1807/Tome 02 - scan 0067 - complément du chapitre 11.jpg;conservé;a55c7ae38843b26186f05a1cdf5dd5a8916fd38a8179eb52a6d0842afb66ba5a;1422278;Le numéro de scan est un ordre de lecture, pas un numéro manuscrit.
2° tome/omission/Sans titre - 11.jpg;Tome 02 - 1800-1807/Tome 02 - scan 0068 - complément du chapitre 11.jpg;conservé;cf2b33ea0f74807e315b0ac742ca5651fa365fbd0e0bc2c08bc95e2e60823f26;1370234;Le numéro de scan est un ordre de lecture, pas un numéro manuscrit.
2° tome/omission/Sans titre - 13.jpg;Tome 02 - 1800-1807/Tome 02 - scan 0069 - complément du chapitre 11.jpg;conservé;01f726003dd91775d87bd7f5f913618b90ad91f51089b74997d75b03a243d994;1414904;Le numéro de scan est un ordre de lecture, pas un numéro manuscrit.
2° tome/omission/Sans titre - 14.jpg;Tome 02 - 1800-1807/Tome 02 - scan 0070 - complément du chapitre 11.jpg;conservé;cd4194c5d9c0bb85e537e066b7520a3aeebb58e8f3ff34b58bc402e6a13e4a67;1320755;Le numéro de scan est un ordre de lecture, pas un numéro manuscrit.
2° tome/omission/Sans titre - 15.jpg;Tome 02 - 1800-1807/Tome 02 - scan 0071 - complément du chapitre 11.jpg;conservé;b61e9494d7743b06d523227518610646e0ac8780df0fb34bd6bf92c3fc155866;1342863;Le numéro de scan est un ordre de lecture, pas un numéro manuscrit.
2° tome/omission/Sans titre - 16.jpg;Tome 02 - 1800-1807/Tome 02 - scan 0072 - complément du chapitre 11.jpg;conservé;ccbaa16de6ee8d777e683d6c7471121c60119c4ba3869b989dfa961bbacbe132;1364671;Le numéro de scan est un ordre de lecture, pas un numéro manuscrit.
2° tome/omission/Sans titre - 17.jpg;Tome 02 - 1800-1807/Tome 02 - scan 0073 - complément du chapitre 11.jpg;conservé;9ba2173b54d880ef76c6ac23c15a2894700ad281a5067777c73a301769eb3582;1333017;Le numéro de scan est un ordre de lecture, pas un numéro manuscrit.
2° tome/omission/Sans titre - 18.jpg;Tome 02 - 1800-1807/Tome 02 - scan 0074 - complément du chapitre 11.jpg;conservé;9c1df864529505636ed467a0ca761885db7d13aeb8523df481d8243988eb828b;1333363;Le numéro de scan est un ordre de lecture, pas un numéro manuscrit.
2° tome/omission/Sans titre - 19.jpg;Tome 02 - 1800-1807/Tome 02 - scan 0075 - complément du chapitre 11.jpg;conservé;36131656d5c262d41afc9c132d00270007538676f64bbda193f989056c8adc44;1339923;Le numéro de scan est un ordre de lecture, pas un numéro manuscrit.
2° tome/omission/Sans titre - 20.jpg;Tome 02 - 1800-1807/Tome 02 - scan 0076 - complément du chapitre 11.jpg;conservé;daf32546a66b73effab1f0e435abe74eeb87d74aeb3e837c9c29d96484c35ceb;1338105;Le numéro de scan est un ordre de lecture, pas un numéro manuscrit.
2° tome/omission/Sans titre - 21.jpg;Tome 02 - 1800-1807/Tome 02 - scan 0077 - complément du chapitre 11.jpg;conservé;300fc57f9cd9d3d7ee3d291b37fd08cfd876da6f21ebb30635336d8950ab5a31;1329624;Le numéro de scan est un ordre de lecture, pas un numéro manuscrit.
2° tome/omission/Sans titre - 22.jpg;Tome 02 - 1800-1807/Tome 02 - scan 0078 - complément du chapitre 11.jpg;conservé;e309d04e818e897684d5c86ad36370738947a27ffaf39870f2e5ad82f2e1b939;1355292;Le numéro de scan est un ordre de lecture, pas un numéro manuscrit.
2° tome/Sans titre - 63.jpg;Tome 02 - 1800-1807/Tome 02 - scan 0079 - feuillet.jpg;conservé;666381426432228d673203311b98f1a2b378acfe7560bf71a24d761973f4d334;1207077;Le numéro de scan est un ordre de lecture, pas un numéro manuscrit.
2° tome/Sans titre - 64.jpg;Tome 02 - 1800-1807/Tome 02 - scan 0080 - feuillet.jpg;conservé;c76aa4fe6ada893e3f1a74e0e09312c95fe841f946e72f3e2922a2f917d81245;1341320;Le numéro de scan est un ordre de lecture, pas un numéro manuscrit.
2° tome/Sans titre - 65.jpg;Tome 02 - 1800-1807/Tome 02 - scan 0081 - feuillet.jpg;conservé;1854670eb01dbd8493bcc91704354dce2b28b7cc3cfd2fb61b021676579385e2;1318669;Le numéro de scan est un ordre de lecture, pas un numéro manuscrit.
2° tome/Sans titre - 66.jpg;Tome 02 - 1800-1807/Tome 02 - scan 0082 - feuillet.jpg;conservé;0de62cf813554f7f121af39f8addb4523dd06c2c5cbc3e8b02548ff41dd4bca4;1281346;Le numéro de scan est un ordre de lecture, pas un numéro manuscrit.
2° tome/Sans titre - 67.jpg;Tome 02 - 1800-1807/Tome 02 - scan 0083 - feuillet.jpg;conservé;62f0f07dc824e0b3eb22691c6fa55c00f921db2c15f12491a2ae6c2093a925da;1275544;Le numéro de scan est un ordre de lecture, pas un numéro manuscrit.
2° tome/Sans titre - 68.jpg;Tome 02 - 1800-1807/Tome 02 - scan 0084 - feuillet.jpg;conservé;117a485bfa0a4e3251a3a1347e9746fdea3f33302b63db3984d509f2fd326a24;1281766;Le numéro de scan est un ordre de lecture, pas un numéro manuscrit.
2° tome/Sans titre - 69.jpg;Tome 02 - 1800-1807/Tome 02 - scan 0085 - feuillet.jpg;conservé;36ca37b1732a24330aee2afd7b65f62ae88f2d4cfc66e4e4f12cbb957a2dd769;1295172;Le numéro de scan est un ordre de lecture, pas un numéro manuscrit.
2° tome/Sans titre - 70.jpg;Tome 02 - 1800-1807/Tome 02 - scan 0086 - feuillet.jpg;conservé;6ade2d4fd5967f2212da80da8181902d0ef607310d96b1e77a1da04d1a41efe9;1309987;Le numéro de scan est un ordre de lecture, pas un numéro manuscrit.
2° tome/Sans titre - 71.jpg;Tome 02 - 1800-1807/Tome 02 - scan 0087 - feuillet.jpg;conservé;ed94b5b61fd517d0623c9dc19ce39fb5ebf8e527d2d3d7a7fe450eed2ac64f96;1293441;Le numéro de scan est un ordre de lecture, pas un numéro manuscrit.
2° tome/Sans titre - 72.jpg;Tome 02 - 1800-1807/Tome 02 - scan 0088 - feuillet.jpg;conservé;495b78f67178e39941f99403cb0d40bc1d4a8fff89bed577bd1a48e5d2cdc625;1303741;Le numéro de scan est un ordre de lecture, pas un numéro manuscrit.
2° tome/Sans titre - 73.jpg;Tome 02 - 1800-1807/Tome 02 - scan 0089 - feuillet.jpg;conservé;c828b495080a2d2f61bcc831e6e0c7aeb5097cc7dc081083b35c15ea93a204e4;1293119;Le numéro de scan est un ordre de lecture, pas un numéro manuscrit.
2° tome/Sans titre - 74.jpg;Tome 02 - 1800-1807/Tome 02 - scan 0090 - feuillet.jpg;conservé;9a9c85b488ea395c2bf081a0160f1b13b2e16ce28f74422c695a78692addeed6;1283434;Le numéro de scan est un ordre de lecture, pas un numéro manuscrit.
2° tome/Sans titre - 75.jpg;Tome 02 - 1800-1807/Tome 02 - scan 0091 - feuillet.jpg;conservé;12e6532a3522700b04836d79f48a75dea922a0f9268e24c3947cb2f8546e5a09;1330410;Le numéro de scan est un ordre de lecture, pas un numéro manuscrit.
2° tome/Sans titre - 76.jpg;Tome 02 - 1800-1807/Tome 02 - scan 0092 - feuillet.jpg;conservé;dfcc6ea218b3674ede4028cfc4060c7b4fd451572aa8f4f07f345a1eaf0270a3;1330687;Le numéro de scan est un ordre de lecture, pas un numéro manuscrit.
2° tome/Sans titre - 77.jpg;Tome 02 - 1800-1807/Tome 02 - scan 0093 - feuillet.jpg;conservé;204e3f6f21b2e029c8b01abd1743dc8c939dff6c5e0feb808ad9daa5133ebe31;1265460;Le numéro de scan est un ordre de lecture, pas un numéro manuscrit.
2° tome/Sans titre - 78.jpg;Tome 02 - 1800-1807/Tome 02 - scan 0094 - feuillet.jpg;conservé;1694fb20aa271458de8e14d8edbe0719221e99d4495029ec757763b6e7c78858;1301647;Le numéro de scan est un ordre de lecture, pas un numéro manuscrit.
2° tome/Sans titre - 79.jpg;Tome 02 - 1800-1807/Tome 02 - scan 0095 - feuillet.jpg;conservé;274e77bb445ea31411c946e49b8722b7f9a682b2b0390116f913681accdb7b7a;1199833;Le numéro de scan est un ordre de lecture, pas un numéro manuscrit.
2° tome/Sans titre - 80.jpg;Tome 02 - 1800-1807/Tome 02 - scan 0096 - feuillet.jpg;conservé;8cfd02afdc8d2f791c0009bd44556635a86cb3df26e6025587a00b91baf85437;1276837;Le numéro de scan est un ordre de lecture, pas un numéro manuscrit.
2° tome/Sans titre - 81.jpg;Tome 02 - 1800-1807/Tome 02 - scan 0097 - feuillet.jpg;conservé;67a8697ee62ca5ba0ca089bc14a4a4133dbddcd33e77b5b81eb7b4ae261235fb;1267357;Le numéro de scan est un ordre de lecture, pas un numéro manuscrit.
2° tome/Sans titre - 82.jpg;Tome 02 - 1800-1807/Tome 02 - scan 0098 - feuillet.jpg;conservé;22467f089edfbaf8901cceb1eb43c3758918cfe39786525f7d9c9ce28b266364;1299347;Le numéro de scan est un ordre de lecture, pas un numéro manuscrit.
2° tome/Sans titre - 83.jpg;Tome 02 - 1800-1807/Tome 02 - scan 0099 - feuillet.jpg;conservé;b9945f2debfbd8a104d576c371a3b11e1f7b5f75984383d2259fc6f41f0e34db;1328648;Le numéro de scan est un ordre de lecture, pas un numéro manuscrit.
2° tome/Sans titre - 84.jpg;Tome 02 - 1800-1807/Tome 02 - scan 0100 - feuillet.jpg;conservé;7bf79378e96546a6507991f7a5ede05ca113f64b79f10b77d8e88791cb48c256;1312422;Le numéro de scan est un ordre de lecture, pas un numéro manuscrit.
2° tome/Sans titre - 85.jpg;Tome 02 - 1800-1807/Tome 02 - scan 0101 - feuillet.jpg;conservé;17ec94c146f96676d00e4af6f1e828f99fd6b699b9c50233a05d0dffb79822c1;1344844;Le numéro de scan est un ordre de lecture, pas un numéro manuscrit.
2° tome/Sans titre - 86.jpg;Tome 02 - 1800-1807/Tome 02 - scan 0102 - feuillet.jpg;conservé;de7fd1c42c1a4faa30afcb0f9acf074ab4fabe095019a2a50ba3c564d37adce1;1334594;Le numéro de scan est un ordre de lecture, pas un numéro manuscrit.
2° tome/Sans titre - 87.jpg;Tome 02 - 1800-1807/Tome 02 - scan 0103 - feuillet.jpg;conservé;63916afea35e9117b53d0144e8a8a3f2f4746a76bd771460677ed75dd52683e4;1359990;Le numéro de scan est un ordre de lecture, pas un numéro manuscrit.
2° tome/Sans titre - 90.jpg;Tome 02 - 1800-1807/Tome 02 - scan 0104 - feuillet.jpg;conservé;3e83c11bf735145a6a9570f060e6bc301752c4317f0483ef1359c3343c36184b;1394862;Le numéro de scan est un ordre de lecture, pas un numéro manuscrit.
2° tome/Sans titre - 91.jpg;Tome 02 - 1800-1807/Tome 02 - scan 0105 - feuillet.jpg;conservé;4472ddc534e643a7adf9edd7b3b8f083d43174f2cafa805df34997dd3ad3d1d1;1417395;Le numéro de scan est un ordre de lecture, pas un numéro manuscrit.
2° tome/Sans titre - 92.jpg;Tome 02 - 1800-1807/Tome 02 - scan 0106 - feuillet.jpg;conservé;a3099debb15319314c09a1ee281137fce7ab10016933eeb8192734747d2f6d53;1359923;Le numéro de scan est un ordre de lecture, pas un numéro manuscrit.
2° tome/Sans titre - 93.jpg;Tome 02 - 1800-1807/Tome 02 - scan 0107 - feuillet.jpg;conservé;5bcc674485775a49f8a330108d5ee39dbb96735e24939a575dd4d04ae49438ad;1385135;Le numéro de scan est un ordre de lecture, pas un numéro manuscrit.
2° tome/Sans titre - 94.jpg;Tome 02 - 1800-1807/Tome 02 - scan 0108 - feuillet.jpg;conservé;e2e137bf99e10c2bb445e72664c895f95b3921df7efe67893572f6da92d14777;1253261;Le numéro de scan est un ordre de lecture, pas un numéro manuscrit.
2° tome/Sans titre - 95.jpg;Tome 02 - 1800-1807/Tome 02 - scan 0109 - feuillet.jpg;conservé;107bbce4f9e7fa36a3bff9fe23f65a0df85a3b8b242e5fc33d2838bc771acaef;1387458;Le numéro de scan est un ordre de lecture, pas un numéro manuscrit.
2° tome/Sans titre - 96.jpg;Tome 02 - 1800-1807/Tome 02 - scan 0110 - feuillet.jpg;conservé;c078febe40d4a1b7f2276a45b11a98a7fc64303c524cf64d07cd582ad62b7b0d;1399768;Le numéro de scan est un ordre de lecture, pas un numéro manuscrit.
2° tome/Sans titre - 97.jpg;Tome 02 - 1800-1807/Tome 02 - scan 0111 - feuillet.jpg;conservé;17440a92b971ab72196afcc72be523152ec1fe3bdfa65eacad793704eb983aad;1368939;Le numéro de scan est un ordre de lecture, pas un numéro manuscrit.
2° tome/Sans titre - 98.jpg;Tome 02 - 1800-1807/Tome 02 - scan 0112 - feuillet.jpg;conservé;4ffe1db955a4d5bec5e90d31939ee42190f1461d3f55dcde8991e54ee3fba5c6;1374673;Le numéro de scan est un ordre de lecture, pas un numéro manuscrit.
2° tome/Sans titre - 99.jpg;Tome 02 - 1800-1807/Tome 02 - scan 0113 - feuillet.jpg;conservé;a4debff85cc64d4da90dcbe008eaadefb4f8cd72068ccf16cb46f0ff76cb58a8;1379706;Le numéro de scan est un ordre de lecture, pas un numéro manuscrit.
2° tome/Sans titre - 100.jpg;Tome 02 - 1800-1807/Tome 02 - scan 0114 - feuillet.jpg;conservé;e49c9ee71802f8e0eefdb77495a354eed8105af75ab8d4110cc62aa0d5d8781d;1379356;Le numéro de scan est un ordre de lecture, pas un numéro manuscrit.
2° tome/Sans titre - 101.jpg;Tome 02 - 1800-1807/Tome 02 - scan 0115 - feuillet.jpg;conservé;c58ab13526707d46a0db04ff1462dd51ce8fa6ba037a5fdb77f9b6b613d45a7b;1324042;Le numéro de scan est un ordre de lecture, pas un numéro manuscrit.
2° tome/Sans titre - 102.jpg;Tome 02 - 1800-1807/Tome 02 - scan 0116 - feuillet.jpg;conservé;27d6aa0e08481ae7ae65bd9b614a76b76f5d459f9da3080492911f7bd0c8dbd3;1328541;Le numéro de scan est un ordre de lecture, pas un numéro manuscrit.
2° tome/Sans titre - 103.jpg;Tome 02 - 1800-1807/Tome 02 - scan 0117 - feuillet.jpg;conservé;107373afe8231eb4a6e0d9bd020f293489f2c92c646ddd770658a55b418561cb;1344250;Le numéro de scan est un ordre de lecture, pas un numéro manuscrit.
2° tome/Sans titre - 104.jpg;Tome 02 - 1800-1807/Tome 02 - scan 0118 - feuillet.jpg;conservé;92260c5bc726549fafac04fdd4a4c7a923f75844b72bae8dc793ecade3f51eeb;1368606;Le numéro de scan est un ordre de lecture, pas un numéro manuscrit.
2° tome/Sans titre - 105.jpg;Tome 02 - 1800-1807/Tome 02 - scan 0119 - feuillet.jpg;conservé;9b554e9cdeae3e36fcee163bc9c9d9c7ceb890d843f00ec23e0e7b316a6a0a64;1347702;Le numéro de scan est un ordre de lecture, pas un numéro manuscrit.
2° tome/Sans titre - 106.jpg;Tome 02 - 1800-1807/Tome 02 - scan 0120 - feuillet.jpg;conservé;c87b1aac71cafd19ddd180f5b56420850cbfa5ed20a1f524c7dc2f9d28cd5bcf;1319299;Le numéro de scan est un ordre de lecture, pas un numéro manuscrit.
3° tome/Sans titre - 1.jpg;Tome 03 - 1807-1816/Tome 03 - scan 0001 - couverture.jpg;conservé;f648116a67a5c63bf2aa8123156c42e553948cfc5da6a6934d2396bb66d09dca;707463;Le numéro de scan est un ordre de lecture, pas un numéro manuscrit.
3° tome/Sans titre - 2.jpg;Tome 03 - 1807-1816/Tome 03 - scan 0002 - feuillet.jpg;conservé;a61dea311b152c9462f45ce261c0d481436dae54ae866385a46059480ac258e2;1291367;Le numéro de scan est un ordre de lecture, pas un numéro manuscrit.
3° tome/Sans titre - 3.jpg;Tome 03 - 1807-1816/Tome 03 - scan 0003 - feuillet.jpg;conservé;8063fdf5155b028e4e41392c9addcf78bbc72dc18778ce8a409edf7637f5189c;1370140;Le numéro de scan est un ordre de lecture, pas un numéro manuscrit.
3° tome/Sans titre - 4.jpg;Tome 03 - 1807-1816/Tome 03 - scan 0004 - feuillet.jpg;conservé;0d017b7cdb9764877d98eef99dba2ee15e93fe72e3c1559d4c04fa14e2013226;1412796;Le numéro de scan est un ordre de lecture, pas un numéro manuscrit.
3° tome/Sans titre - 5.jpg;Tome 03 - 1807-1816/Tome 03 - scan 0005 - feuillet.jpg;conservé;dd91eb4ec6fd1e37e2d91287d5041a27edf61334578dccbf12eb5e67571aa548;1345922;Le numéro de scan est un ordre de lecture, pas un numéro manuscrit.
3° tome/Sans titre - 6.jpg;Tome 03 - 1807-1816/Tome 03 - scan 0006 - feuillet.jpg;conservé;0b7fbb2986831e820a74984c72593535d6b3f77e12fd04fbbc0a38b0cf61c3c3;1306194;Le numéro de scan est un ordre de lecture, pas un numéro manuscrit.
3° tome/Sans titre - 7.jpg;Tome 03 - 1807-1816/Tome 03 - scan 0007 - feuillet.jpg;conservé;6042111a7929b21e8efa44b9f7d27a2c31fbaeaf317593fc8197e76442298e66;1329448;Le numéro de scan est un ordre de lecture, pas un numéro manuscrit.
3° tome/Sans titre - 8.jpg;Tome 03 - 1807-1816/Tome 03 - scan 0008 - feuillet.jpg;conservé;fc0fa8cbb1f9cb60485941ec3d1819bc5e826ff4b1fbd785505664d32ecea88a;1275081;Le numéro de scan est un ordre de lecture, pas un numéro manuscrit.
3° tome/Sans titre - 9.jpg;Tome 03 - 1807-1816/Tome 03 - scan 0009 - feuillet.jpg;conservé;b6430da728bc8e95e988cdcd3f70715f05c21b49f09807e34f776962f43e7d39;1336474;Le numéro de scan est un ordre de lecture, pas un numéro manuscrit.
3° tome/Sans titre - 10.jpg;Tome 03 - 1807-1816/Tome 03 - scan 0010 - feuillet.jpg;conservé;9a9a6bc142cf061a44bdfa30eb14b1198582ac09f7153d83ec93ceacfb9d8bbd;1345538;Le numéro de scan est un ordre de lecture, pas un numéro manuscrit.
3° tome/Sans titre - 11.jpg;Tome 03 - 1807-1816/Tome 03 - scan 0011 - feuillet.jpg;conservé;74fd12a2888deb76b3c3be8e45f6b7f632b520cf6621bfd9e11a638a27858bb7;1365059;Le numéro de scan est un ordre de lecture, pas un numéro manuscrit.
3° tome/Sans titre - 12.jpg;Tome 03 - 1807-1816/Tome 03 - scan 0012 - feuillet.jpg;conservé;3c9c5c3577e39a3f20e008af72997757c08cc8ad0d225864099abe6c578fa9d6;1276791;Le numéro de scan est un ordre de lecture, pas un numéro manuscrit.
3° tome/Sans titre - 13.jpg;Tome 03 - 1807-1816/Tome 03 - scan 0013 - feuillet.jpg;conservé;05487a1e70221fc059dc491fa794a35bcb6944ba89c93d692950f4f7add7cddf;1328012;Le numéro de scan est un ordre de lecture, pas un numéro manuscrit.
3° tome/Sans titre - 14.jpg;Tome 03 - 1807-1816/Tome 03 - scan 0014 - feuillet.jpg;conservé;aaa8828df85df147da925f1eedd7386ab7e247d668a2d791e48c22aa46136bfa;1285842;Le numéro de scan est un ordre de lecture, pas un numéro manuscrit.
3° tome/Sans titre - 15.jpg;Tome 03 - 1807-1816/Tome 03 - scan 0015 - feuillet.jpg;conservé;e3dfae443a6ce84d34275742aec6e096763f085756bb462c9faf77afe7fc28cc;1337212;Le numéro de scan est un ordre de lecture, pas un numéro manuscrit.
3° tome/Sans titre - 16.jpg;Tome 03 - 1807-1816/Tome 03 - scan 0016 - feuillet.jpg;conservé;87568c0dfc8e251d0f4ba0f5e0ebfa26eb9af510e8c0274a44a9f252f8ba953d;1294170;Le numéro de scan est un ordre de lecture, pas un numéro manuscrit.
3° tome/Sans titre - 17.jpg;Tome 03 - 1807-1816/Tome 03 - scan 0017 - feuillet.jpg;conservé;68771eec55eaa536d7c429417e9663cf3ab25aa797104cb2ff7d5f07c35be400;1309133;Le numéro de scan est un ordre de lecture, pas un numéro manuscrit.
3° tome/Sans titre - 18.jpg;Tome 03 - 1807-1816/Tome 03 - scan 0018 - feuillet.jpg;conservé;2454a8818f8b53d3e16d94552d723f6710854020c2bc82b507b5c311a62d5dfa;1354722;Le numéro de scan est un ordre de lecture, pas un numéro manuscrit.
3° tome/Sans titre - 19.jpg;Tome 03 - 1807-1816/Tome 03 - scan 0019 - feuillet.jpg;conservé;4890e2ecb034de76745d59d0d274c48a3ae0224a0fa1af17d0a8a4f10979f821;1368912;Le numéro de scan est un ordre de lecture, pas un numéro manuscrit.
3° tome/Sans titre - 20.jpg;Tome 03 - 1807-1816/Tome 03 - scan 0020 - feuillet.jpg;conservé;fc6b73ae2e2994604b2c93943a028d24d165349cfcc8055ed940e698a750b3fa;1336877;Le numéro de scan est un ordre de lecture, pas un numéro manuscrit.
3° tome/Sans titre - 21.jpg;Tome 03 - 1807-1816/Tome 03 - scan 0021 - feuillet.jpg;conservé;5c68b536a62bb558d02aa20021bcdb2a51b9593848878478134201d65fccc6a4;1330263;Le numéro de scan est un ordre de lecture, pas un numéro manuscrit.
3° tome/Sans titre - 22.jpg;Tome 03 - 1807-1816/Tome 03 - scan 0022 - feuillet.jpg;conservé;55df182d85f3637c4b3db243cad79bc831e9423c3b72c9395b9dc1f2b29455de;1327954;Le numéro de scan est un ordre de lecture, pas un numéro manuscrit.
3° tome/Sans titre - 23.jpg;Tome 03 - 1807-1816/Tome 03 - scan 0023 - feuillet.jpg;conservé;8d29e6b1c1dfe22a0c46e3a3f2184f70294d5944c29ea3a6ede586d1c76ef194;1383810;Le numéro de scan est un ordre de lecture, pas un numéro manuscrit.
3° tome/Sans titre - 24.jpg;Tome 03 - 1807-1816/Tome 03 - scan 0024 - feuillet.jpg;conservé;b09db135d5a8d67294478f972a7b81b297fdfca24d903f70c7bf850a367f20ee;1383848;Le numéro de scan est un ordre de lecture, pas un numéro manuscrit.
3° tome/Sans titre - 25.jpg;Tome 03 - 1807-1816/Tome 03 - scan 0025 - feuillet.jpg;conservé;c84981abc9ffd590ac889eb611aaa5e5c27cc95b161f30c8e6ab7dd30409053c;1441516;Le numéro de scan est un ordre de lecture, pas un numéro manuscrit.
3° tome/Sans titre - 26.jpg;Tome 03 - 1807-1816/Tome 03 - scan 0026 - feuillet.jpg;conservé;3d8e3af4b650cafa640a52b41baa9298a1fc55f379de3ae1a38b8c6dd361d546;1399727;Le numéro de scan est un ordre de lecture, pas un numéro manuscrit.
3° tome/Sans titre - 27.jpg;Tome 03 - 1807-1816/Tome 03 - scan 0027 - feuillet.jpg;conservé;50b7b320ec5bde5858a76e8f09c71900a1c83ebddb30363d30cf4183618bef88;1331210;Le numéro de scan est un ordre de lecture, pas un numéro manuscrit.
3° tome/Sans titre - 28.jpg;Tome 03 - 1807-1816/Tome 03 - scan 0028 - feuillet.jpg;conservé;83efbad5d13f77e12b6695da9944cd8f5edece162e6ff92d19948b085fcfa607;1373487;Le numéro de scan est un ordre de lecture, pas un numéro manuscrit.
3° tome/Sans titre - 29.jpg;Tome 03 - 1807-1816/Tome 03 - scan 0029 - feuillet.jpg;conservé;7f98d04224e0c59fa23a9f95fd0dee04e45c4008250b06bef82b45fbd75d7f04;1301138;Le numéro de scan est un ordre de lecture, pas un numéro manuscrit.
3° tome/Sans titre - 30.jpg;Tome 03 - 1807-1816/Tome 03 - scan 0030 - feuillet.jpg;conservé;47eee9d6e89936f7256add1016ee82cfabb1c3fe594753ec0419727ed4e3f542;825747;Le numéro de scan est un ordre de lecture, pas un numéro manuscrit.
3° tome/Sans titre - 32.jpg;Tome 03 - 1807-1816/Tome 03 - scan 0031 - feuillet.jpg;conservé;48a2d52692f9e146fbe3a9fb096ffa42db19c46d2b0e6283c8103693d44d966b;1060774;Le numéro de scan est un ordre de lecture, pas un numéro manuscrit.
3° tome/Sans titre - 33.jpg;Tome 03 - 1807-1816/Tome 03 - scan 0032 - feuillet.jpg;conservé;91dbf8994f7dc724d8376ae005a6694aa56f1dbae576f947ccafe305b2b93c03;1373510;Le numéro de scan est un ordre de lecture, pas un numéro manuscrit.
3° tome/Sans titre - 34.jpg;Tome 03 - 1807-1816/Tome 03 - scan 0033 - feuillet.jpg;conservé;3d11b0612c1522c930e6c37e25dad41a23f97699ddb6b9167301ba1bc698e92a;1332798;Le numéro de scan est un ordre de lecture, pas un numéro manuscrit.
3° tome/Sans titre - 35.jpg;Tome 03 - 1807-1816/Tome 03 - scan 0034 - feuillet.jpg;conservé;cf301ae17865eb5cbf77c96cd1ba12edf3386af0241ca387d577eb997efc01b1;1392883;Le numéro de scan est un ordre de lecture, pas un numéro manuscrit.
3° tome/Sans titre - 36.jpg;Tome 03 - 1807-1816/Tome 03 - scan 0035 - feuillet.jpg;conservé;780d2ad84a8dac15ff1471317d115df4e754d6e4ce9e0474115e0019f40a5ca7;1340366;Le numéro de scan est un ordre de lecture, pas un numéro manuscrit.
3° tome/Sans titre - 37.jpg;Tome 03 - 1807-1816/Tome 03 - scan 0036 - feuillet.jpg;conservé;a5bc22b81c59947dda2ce415fe96702b26cbff18e94a4082ee21ca1794190c30;1367693;Le numéro de scan est un ordre de lecture, pas un numéro manuscrit.
3° tome/Sans titre - 38.jpg;Tome 03 - 1807-1816/Tome 03 - scan 0037 - feuillet.jpg;conservé;ac14061ff201e83914ab7255a60cc7da6ed72f323ca8c808bdf0e55a24b7ce6d;1313088;Le numéro de scan est un ordre de lecture, pas un numéro manuscrit.
3° tome/Sans titre - 39.jpg;Tome 03 - 1807-1816/Tome 03 - scan 0038 - feuillet.jpg;conservé;e36128aaba8ff8739224c20b5a9d616c61ddf3dcbba77261efc86b14cdb1f63f;1407224;Le numéro de scan est un ordre de lecture, pas un numéro manuscrit.
3° tome/Sans titre - 40.jpg;Tome 03 - 1807-1816/Tome 03 - scan 0039 - feuillet.jpg;conservé;5668036641c80a35b25ed650d7eece6478b7fc32c9dbf99a7ab7f5c2ed82b3ca;1335564;Le numéro de scan est un ordre de lecture, pas un numéro manuscrit.
3° tome/Sans titre - 41.jpg;Tome 03 - 1807-1816/Tome 03 - scan 0040 - feuillet.jpg;conservé;19a759f8dcf4d36d77c24ca6ab71728df0e725a0feeea238e9067dbb94826619;1377852;Le numéro de scan est un ordre de lecture, pas un numéro manuscrit.
3° tome/Sans titre - 43.jpg;Tome 03 - 1807-1816/Tome 03 - scan 0041 - feuillet.jpg;conservé;cbce5d2a006c53c4562acecc167f1abdd604e93144e933ade07a8626cd18fd25;1331800;Le numéro de scan est un ordre de lecture, pas un numéro manuscrit.
3° tome/Sans titre - 44.jpg;Tome 03 - 1807-1816/Tome 03 - scan 0042 - feuillet.jpg;conservé;28d26058762d64bbe5b6283eefe024e90fc34fdcb5bb89fae9650c12513f55fa;1444029;Le numéro de scan est un ordre de lecture, pas un numéro manuscrit.
3° tome/Sans titre - 46.jpg;Tome 03 - 1807-1816/Tome 03 - scan 0043 - feuillet.jpg;conservé;4568aa533af281230ff41d6f5f81e067be70eea9e19684f78939de85d1db3c58;1359918;Le numéro de scan est un ordre de lecture, pas un numéro manuscrit.
3° tome/Sans titre - 47.jpg;Tome 03 - 1807-1816/Tome 03 - scan 0044 - feuillet.jpg;conservé;b0150e2375a3442af6681cbaa3a4f454b19c0a8b850bd1da698b9830165cf7a1;1483419;Le numéro de scan est un ordre de lecture, pas un numéro manuscrit.
3° tome/Sans titre - 48.jpg;Tome 03 - 1807-1816/Tome 03 - scan 0045 - feuillet.jpg;conservé;22e1d2760f0c1dd6205a93672dade78a196fdf883e2cab4b0e97207445995e92;1349819;Le numéro de scan est un ordre de lecture, pas un numéro manuscrit.
3° tome/Sans titre - 49.jpg;Tome 03 - 1807-1816/Tome 03 - scan 0046 - feuillet.jpg;conservé;b7d52863a84f0edfbece61e5d9c6ea0f7063131b89b3c76cfd568de7194896b5;1369746;Le numéro de scan est un ordre de lecture, pas un numéro manuscrit.
3° tome/Sans titre - 50.jpg;Tome 03 - 1807-1816/Tome 03 - scan 0047 - feuillet.jpg;conservé;84c1dde9e6c99f9fae0e20584092e88197467c400b16ea6d7e86cee75db4e28a;1337725;Le numéro de scan est un ordre de lecture, pas un numéro manuscrit.
3° tome/Sans titre - 51.jpg;Tome 03 - 1807-1816/Tome 03 - scan 0048 - feuillet.jpg;conservé;56e7cdf0ccd607d5cb203d9458f1be8346295179b640079d75357ff911278577;1432073;Le numéro de scan est un ordre de lecture, pas un numéro manuscrit.
3° tome/Sans titre - 52.jpg;Tome 03 - 1807-1816/Tome 03 - scan 0049 - feuillet.jpg;conservé;91eb110fcaafdb3531094767c82212170fed4a4c7e7ee17beaa2ed89c8d98ce1;1345075;Le numéro de scan est un ordre de lecture, pas un numéro manuscrit.
3° tome/Sans titre - 53.jpg;Tome 03 - 1807-1816/Tome 03 - scan 0050 - feuillet.jpg;conservé;490c4b6404a70ac61151342dc63f1c0b9a38beb2828bd777865babe75f69438b;1504859;Le numéro de scan est un ordre de lecture, pas un numéro manuscrit.
3° tome/Sans titre - 54.jpg;Tome 03 - 1807-1816/Tome 03 - scan 0051 - feuillet.jpg;conservé;e4b833df99b1ed98932bccc09586c58a886fa4a096ab8ea43d77a76e2e37a05c;1368788;Le numéro de scan est un ordre de lecture, pas un numéro manuscrit.
3° tome/Sans titre - 55.jpg;Tome 03 - 1807-1816/Tome 03 - scan 0052 - feuillet.jpg;conservé;31676de7fcfd4dce22a79bd7e4b7d791c2294430237fafd62e2d8f2cbecb90e5;1455383;Le numéro de scan est un ordre de lecture, pas un numéro manuscrit.
3° tome/Sans titre - 56.jpg;Tome 03 - 1807-1816/Tome 03 - scan 0053 - feuillet.jpg;conservé;0642555e79d49d6151fba6d4c347b823128aaa641f5ec7454553db60b60854b1;1344406;Le numéro de scan est un ordre de lecture, pas un numéro manuscrit.
3° tome/Sans titre - 57.jpg;Tome 03 - 1807-1816/Tome 03 - scan 0054 - feuillet.jpg;conservé;6044bc2fa226b5e2a9e1ad58aa269b3e101b84e26bc93c4224e94c96d1beb749;1398789;Le numéro de scan est un ordre de lecture, pas un numéro manuscrit.
3° tome/Sans titre - 58.jpg;Tome 03 - 1807-1816/Tome 03 - scan 0055 - feuillet.jpg;conservé;6e3ba80ac90da3b253a944ea7ccd6befc7967c9a46338aa366f6c622cc6c02d9;1347530;Le numéro de scan est un ordre de lecture, pas un numéro manuscrit.
3° tome/Sans titre - 59.jpg;Tome 03 - 1807-1816/Tome 03 - scan 0056 - feuillet.jpg;conservé;c02640a5b3d4f1f2aa6bc8094a2ec4df3ab7ee398181c243ca5faa1b622bbd74;1410474;Le numéro de scan est un ordre de lecture, pas un numéro manuscrit.
3° tome/suite 1/Sans titre - 1.jpg;Tome 03 - 1807-1816/Tome 03 - scan 0057 - feuillet.jpg;conservé;7c93b1f7e17cce6c4f54015679be294fa1d13d45d2da72f04821a759403193c4;1366396;Le numéro de scan est un ordre de lecture, pas un numéro manuscrit.
3° tome/suite 1/Sans titre - 2.jpg;Tome 03 - 1807-1816/Tome 03 - scan 0058 - feuillet.jpg;conservé;878eff5bfe49655c0d00b38937011f7152ce828f7cfe447f5a18b9a2458607ff;1429261;Le numéro de scan est un ordre de lecture, pas un numéro manuscrit.
3° tome/suite 1/Sans titre - 3.jpg;Tome 03 - 1807-1816/Tome 03 - scan 0059 - feuillet.jpg;conservé;ef4fa767f6fb1097d8b09a803f87290dd8244207f24d97fd5fe404667bfcc3d0;1386261;Le numéro de scan est un ordre de lecture, pas un numéro manuscrit.
3° tome/suite 1/Sans titre - 4.jpg;Tome 03 - 1807-1816/Tome 03 - scan 0060 - feuillet.jpg;conservé;0a0b98ce55cce5974dbe77759c99f2cf00022983c90aeeebca9a71552d83bff4;1443584;Le numéro de scan est un ordre de lecture, pas un numéro manuscrit.
3° tome/suite 1/Sans titre - 5.jpg;Tome 03 - 1807-1816/Tome 03 - scan 0061 - feuillet.jpg;conservé;d1bf097f201db8761bdc37cadea8f9dc2b40269287187e3a2b5fb67e59ccfce8;1393390;Le numéro de scan est un ordre de lecture, pas un numéro manuscrit.
3° tome/suite 1/Sans titre - 6.jpg;Tome 03 - 1807-1816/Tome 03 - scan 0062 - feuillet.jpg;conservé;837282827ece154822a4b0810cff3b2e0331f77d9d4189bbc325833f6262fbce;1417201;Le numéro de scan est un ordre de lecture, pas un numéro manuscrit.
3° tome/suite 1/Sans titre - 7.jpg;Tome 03 - 1807-1816/Tome 03 - scan 0063 - feuillet.jpg;conservé;efc711e1214eeb9b8956f65f2a870cf88f0a7b5b0480354c9bbba2831ddf5ff4;1284910;Le numéro de scan est un ordre de lecture, pas un numéro manuscrit.
3° tome/suite 1/Sans titre - 8.jpg;Tome 03 - 1807-1816/Tome 03 - scan 0064 - feuillet.jpg;conservé;e6162cb4928857b756e4a8ff8670aad08410dc363b17834c2857e69adea8ef01;1405644;Le numéro de scan est un ordre de lecture, pas un numéro manuscrit.
3° tome/suite 1/Sans titre - 9.jpg;Tome 03 - 1807-1816/Tome 03 - scan 0065 - feuillet.jpg;conservé;b1aabdda87048781bb789177c662b1e2a5d0aa273ed738203147c2cc30500904;1399353;Le numéro de scan est un ordre de lecture, pas un numéro manuscrit.
3° tome/suite 1/Sans titre - 11.jpg;Tome 03 - 1807-1816/Tome 03 - scan 0066 - feuillet.jpg;conservé;3ddb36df465d3c33c067004e51ada1539552eb5669a607e839d9b4b4160a61b9;1451872;Le numéro de scan est un ordre de lecture, pas un numéro manuscrit.
3° tome/suite 1/Sans titre - 12.jpg;Tome 03 - 1807-1816/Tome 03 - scan 0067 - feuillet.jpg;conservé;84925359f452325b885fd8a78b94d791a42e79a5636a68884fadd589887927fb;1390460;Le numéro de scan est un ordre de lecture, pas un numéro manuscrit.
3° tome/suite 1/Sans titre - 13.jpg;Tome 03 - 1807-1816/Tome 03 - scan 0068 - feuillet.jpg;conservé;b02946e6177f9c89683ac8d8f8902778f37563c45634baf43beec63ebbbdad0e;1359014;Le numéro de scan est un ordre de lecture, pas un numéro manuscrit.
3° tome/suite 1/Sans titre - 14.jpg;Tome 03 - 1807-1816/Tome 03 - scan 0069 - feuillet.jpg;conservé;e407afa7c7eef3793ea1ed004645d5e7b7020b625e2a819868ed81ab4c7dfa2f;1398640;Le numéro de scan est un ordre de lecture, pas un numéro manuscrit.
3° tome/suite 1/Sans titre - 15.jpg;Tome 03 - 1807-1816/Tome 03 - scan 0070 - feuillet.jpg;conservé;ec3f04f25224d8228e13b6d7194c13f03fa4753e37fb1f29563414a15bb190b0;1403237;Le numéro de scan est un ordre de lecture, pas un numéro manuscrit.
3° tome/suite 1/Sans titre - 16.jpg;Tome 03 - 1807-1816/Tome 03 - scan 0071 - feuillet.jpg;conservé;6b7ba86832768efc8eacafe703314cf53bc086581910e20f7ca0eafd375fd8ca;1412713;Le numéro de scan est un ordre de lecture, pas un numéro manuscrit.
3° tome/suite 1/Sans titre - 17.jpg;Tome 03 - 1807-1816/Tome 03 - scan 0072 - feuillet.jpg;conservé;bb4b47fa101a97c5e7db393f32e0ed7bf93ca693790f3d6fe24653daaaee6678;1367587;Le numéro de scan est un ordre de lecture, pas un numéro manuscrit.
3° tome/suite 1/Sans titre - 18.jpg;Tome 03 - 1807-1816/Tome 03 - scan 0073 - feuillet.jpg;conservé;d6fd1368636fa34e2afb9d95ab53b20dd68c54eeb42e42a0af9f961922bdf548;1356916;Le numéro de scan est un ordre de lecture, pas un numéro manuscrit.
3° tome/suite 1/Sans titre - 19.jpg;Tome 03 - 1807-1816/Tome 03 - scan 0074 - feuillet.jpg;conservé;de502c37d59e40cf6d19859c55c3bf5e230dd1764ca0cc2c5815b2e5efda6cf6;1307683;Le numéro de scan est un ordre de lecture, pas un numéro manuscrit.
3° tome/suite 1/Sans titre - 20.jpg;Tome 03 - 1807-1816/Tome 03 - scan 0075 - feuillet.jpg;conservé;1640ad8fc5ef40f5c25a29101a655280ab562590590132e6224de07f5bf8d1ea;1299504;Le numéro de scan est un ordre de lecture, pas un numéro manuscrit.
3° tome/suite 1/Sans titre - 21.jpg;Tome 03 - 1807-1816/Tome 03 - scan 0076 - feuillet.jpg;conservé;67167592d39b2e80a5dbc7a34748131058148f0ae849129daa12389a0afd4277;1416365;Le numéro de scan est un ordre de lecture, pas un numéro manuscrit.
3° tome/suite 1/Sans titre - 22.jpg;Tome 03 - 1807-1816/Tome 03 - scan 0077 - feuillet.jpg;conservé;d943d72d370e22c60fd74d1cd97ad507ddb6f3fa4378f5d36acacd4f9d562a57;1348925;Le numéro de scan est un ordre de lecture, pas un numéro manuscrit.
3° tome/suite 1/Sans titre - 23.jpg;Tome 03 - 1807-1816/Tome 03 - scan 0078 - feuillet.jpg;conservé;381691644fe33b46300ce8dbbc4a3f4b0720bfcf20af186388091e7641be1462;1361325;Le numéro de scan est un ordre de lecture, pas un numéro manuscrit.
3° tome/suite 1/Sans titre - 25.jpg;Tome 03 - 1807-1816/Tome 03 - scan 0079 - feuillet.jpg;conservé;ab56948e8172620b82a2825fcc9af1b5cc802fb05e448ad75f75dbd660f3bf75;1362185;Le numéro de scan est un ordre de lecture, pas un numéro manuscrit.
3° tome/suite 1/Sans titre - 26.jpg;Tome 03 - 1807-1816/Tome 03 - scan 0080 - feuillet.jpg;conservé;f9c05b915457c208c86b099f89360e9c31ee13ea3a42c0dcb910123f02e02514;1338566;Le numéro de scan est un ordre de lecture, pas un numéro manuscrit.
3° tome/suite 1/Sans titre - 27.jpg;Tome 03 - 1807-1816/Tome 03 - scan 0081 - feuillet.jpg;conservé;a578d3c537d436268e62ae3cdc4798bb0df70df86ef06dceae58f68c6d9318d0;1341397;Le numéro de scan est un ordre de lecture, pas un numéro manuscrit.
3° tome/suite 1/Sans titre - 28.jpg;Tome 03 - 1807-1816/Tome 03 - scan 0082 - feuillet.jpg;conservé;29d0222ec5e9f3ffa205aecf2ee92cee77305e100cc47e551f3bc486c53ff336;1314725;Le numéro de scan est un ordre de lecture, pas un numéro manuscrit.
3° tome/suite 1/Sans titre - 29.jpg;Tome 03 - 1807-1816/Tome 03 - scan 0083 - feuillet.jpg;conservé;7f895762634712824c385adf171a41b6cc693f0543afa6a76a39999a97962589;1313094;Le numéro de scan est un ordre de lecture, pas un numéro manuscrit.
3° tome/suite 1/Sans titre - 30.jpg;Tome 03 - 1807-1816/Tome 03 - scan 0084 - feuillet.jpg;conservé;41705da1cbcce74b654e9f461a52770b5c69500a77332c33166de280feb27112;1364834;Le numéro de scan est un ordre de lecture, pas un numéro manuscrit.
3° tome/suite 1/Sans titre - 31.jpg;Tome 03 - 1807-1816/Tome 03 - scan 0085 - feuillet.jpg;conservé;9c681cd08e193502ecb0266e27b1c3f3f2f629bfe6a13df25e1331f529bf82fd;1352771;Le numéro de scan est un ordre de lecture, pas un numéro manuscrit.
3° tome/suite 1/Sans titre - 32.jpg;Tome 03 - 1807-1816/Tome 03 - scan 0086 - feuillet.jpg;conservé;443de9744f989c5fc871fbf56fcf11732b5333157e9711265ecb9403d9be2980;1315484;Le numéro de scan est un ordre de lecture, pas un numéro manuscrit.
3° tome/suite 1/Sans titre - 33.jpg;Tome 03 - 1807-1816/Tome 03 - scan 0087 - feuillet.jpg;conservé;950f3f8f1346cef4293ca6878365b167076af88babf9822130f81f8d0c08189b;1313292;Le numéro de scan est un ordre de lecture, pas un numéro manuscrit.
3° tome/suite 1/Sans titre - 34.jpg;Tome 03 - 1807-1816/Tome 03 - scan 0088 - feuillet.jpg;conservé;dc36de937c9e0d7865a6b882e6d05b8892c8c7d8e41edfc22ec7437e6d59b3ad;1298971;Le numéro de scan est un ordre de lecture, pas un numéro manuscrit.
3° tome/suite 1/Sans titre - 35.jpg;Tome 03 - 1807-1816/Tome 03 - scan 0089 - feuillet.jpg;conservé;5e7a42fdcaaba1282393ace881f570a393f0cc37cd670f08cf823abcee06556b;1330178;Le numéro de scan est un ordre de lecture, pas un numéro manuscrit.
3° tome/suite 1/Sans titre - 36.jpg;Tome 03 - 1807-1816/Tome 03 - scan 0090 - feuillet.jpg;conservé;c77c577189ea17e6775bf92dad71b5d39aac6da0fd3ad9af8896d93a5da8c808;1347794;Le numéro de scan est un ordre de lecture, pas un numéro manuscrit.
3° tome/suite 1/Sans titre - 37.jpg;Tome 03 - 1807-1816/Tome 03 - scan 0091 - feuillet.jpg;conservé;fd33b6bc5a0aad1663e46e8facb5300af5ee6758f466524bbe2c1b4705324735;1338755;Le numéro de scan est un ordre de lecture, pas un numéro manuscrit.
3° tome/suite 1/Sans titre - 38.jpg;Tome 03 - 1807-1816/Tome 03 - scan 0092 - feuillet.jpg;conservé;f0904515645d16e41442a300d9ea18184ddc6fdcffee3e08c18fd7010cfb6613;1375906;Le numéro de scan est un ordre de lecture, pas un numéro manuscrit.
3° tome/suite 1/Sans titre - 39.jpg;Tome 03 - 1807-1816/Tome 03 - scan 0093 - feuillet.jpg;conservé;c8179a702fc355cb5b40ccee0dc27661aee883b1ca681d8c1f83fb8bb7497e97;1379469;Le numéro de scan est un ordre de lecture, pas un numéro manuscrit.
3° tome/suite 1/Sans titre - 40.jpg;Tome 03 - 1807-1816/Tome 03 - scan 0094 - feuillet.jpg;conservé;cd7c645e55f75b19e69ef7f9f123266a06a5a9fe3fcbcff6a97ad815abc7f88f;1314893;Le numéro de scan est un ordre de lecture, pas un numéro manuscrit.
3° tome/suite 1/Sans titre - 41.jpg;Tome 03 - 1807-1816/Tome 03 - scan 0095 - feuillet.jpg;conservé;bf1f5d0499a50fbcecdd6ecd30f32b7ab4f93545e8632e4da60f6665c13a504a;1366303;Le numéro de scan est un ordre de lecture, pas un numéro manuscrit.
3° tome/suite 1/Sans titre - 42.jpg;Tome 03 - 1807-1816/Tome 03 - scan 0096 - feuillet.jpg;conservé;b7f83f838f957c1698a85c9cc264acd1bf6615459cb2484cf02cc36590bdd01e;1389795;Le numéro de scan est un ordre de lecture, pas un numéro manuscrit.
3° tome/suite 1/Sans titre - 43.jpg;Tome 03 - 1807-1816/Tome 03 - scan 0097 - feuillet.jpg;conservé;015a9c4ce84d66bbb430502363f4891f146d28a3d92ba37200a6f2229e39410e;1383091;Le numéro de scan est un ordre de lecture, pas un numéro manuscrit.
3° tome/suite 1/Sans titre - 44.jpg;Tome 03 - 1807-1816/Tome 03 - scan 0098 - feuillet.jpg;conservé;2ebd692e5f20c347912298a88670fd36c93c5f587be2426520ef2004230bb752;1309624;Le numéro de scan est un ordre de lecture, pas un numéro manuscrit.
3° tome/suite 1/Sans titre - 45.jpg;Tome 03 - 1807-1816/Tome 03 - scan 0099 - feuillet.jpg;conservé;90fa8ccbbed994d0a308c6f32d060cb19c2b50382cc5336e1f425345baaf39bf;1385900;Le numéro de scan est un ordre de lecture, pas un numéro manuscrit.
3° tome/suite 1/Sans titre - 46.jpg;Tome 03 - 1807-1816/Tome 03 - scan 0100 - feuillet.jpg;conservé;4fdd1118cfa490bb7cfbab63b6179a23a2878421ec9668b69e970f1ea8b48c29;1366244;Le numéro de scan est un ordre de lecture, pas un numéro manuscrit.
3° tome/suite 1/Sans titre - 47.jpg;Tome 03 - 1807-1816/Tome 03 - scan 0101 - feuillet.jpg;conservé;c25d05438173f685d0af641091759117e998892aa5eb8cb0a023eabb5a894fbf;1387846;Le numéro de scan est un ordre de lecture, pas un numéro manuscrit.
3° tome/suite 1/Sans titre - 48.jpg;Tome 03 - 1807-1816/Tome 03 - scan 0102 - feuillet.jpg;conservé;68ab11a0d258f8f7f9caa1387948a43b1f268aca3667fa1758478bc355aee2e5;1266338;Le numéro de scan est un ordre de lecture, pas un numéro manuscrit.
3° tome/suite 1/Sans titre - 49.jpg;Tome 03 - 1807-1816/Tome 03 - scan 0103 - feuillet.jpg;conservé;c750dc80cd101e88ac901e54e29fe09134d8e011978ccb82501f96de5919c36a;1388561;Le numéro de scan est un ordre de lecture, pas un numéro manuscrit.
3° tome/suite 1/Sans titre - 50.jpg;Tome 03 - 1807-1816/Tome 03 - scan 0104 - feuillet.jpg;conservé;a60c3c520e9aa6ce43c3b426b1e084c5233d67bbb834414a3ef1e6c332fc8776;1322480;Le numéro de scan est un ordre de lecture, pas un numéro manuscrit.
3° tome/suite 1/Sans titre - 51.jpg;Tome 03 - 1807-1816/Tome 03 - scan 0105 - feuillet.jpg;conservé;b4fc9c02d6b525422e8760baefa2d7ad5b2e34116e39c03ee5f532d187ee3b65;1358541;Le numéro de scan est un ordre de lecture, pas un numéro manuscrit.
3° tome/suite 1/Sans titre - 52.jpg;Tome 03 - 1807-1816/Tome 03 - scan 0106 - feuillet.jpg;conservé;772bf4be024b79e01a8ae2da0b96501ae6216f4d12722b7e3f4d2b9bd8fe5326;1328023;Le numéro de scan est un ordre de lecture, pas un numéro manuscrit.
3° tome/suite 1/Sans titre - 53.jpg;Tome 03 - 1807-1816/Tome 03 - scan 0107 - feuillet.jpg;conservé;26feb47c380c3cc4006042b77cf752f35f9785adc0b1e979a894e4aa7b655c46;1382710;Le numéro de scan est un ordre de lecture, pas un numéro manuscrit.
3° tome/suite 1/Sans titre - 54.jpg;Tome 03 - 1807-1816/Tome 03 - scan 0108 - feuillet.jpg;conservé;6421049e49df0e452c99a86223b8e4677da4804f0d04f0e22d1e26cc4ac8a37e;1303627;Le numéro de scan est un ordre de lecture, pas un numéro manuscrit.
3° tome/suite 1/Sans titre - 55.jpg;Tome 03 - 1807-1816/Tome 03 - scan 0109 - feuillet.jpg;conservé;ce2a03b986f448eaec47293f95e9ddd25ccab75a4648a9953f6ff9a7c6b675f7;1373398;Le numéro de scan est un ordre de lecture, pas un numéro manuscrit.
3° tome/suite 1/Sans titre - 56.jpg;Tome 03 - 1807-1816/Tome 03 - scan 0110 - feuillet.jpg;conservé;a27e1121f7ceaf5eaccb50933c1f5080c1b8d79b9daec2a1a3c8ba6bca984189;1366177;Le numéro de scan est un ordre de lecture, pas un numéro manuscrit.
3° tome/suite 1/Sans titre - 57.jpg;Tome 03 - 1807-1816/Tome 03 - scan 0111 - feuillet.jpg;conservé;31ccf9b72a4a5b56c6088e19e156bf35438133d3d768e46d7fa66a41eae8f62e;1448845;Le numéro de scan est un ordre de lecture, pas un numéro manuscrit.
3° tome/suite 1/Sans titre - 58.jpg;Tome 03 - 1807-1816/Tome 03 - scan 0112 - feuillet.jpg;conservé;e1f21dbfd41a16969c23b14f0a6776fadfc2754a6c78a829ee9f4a2859e546e8;1320891;Le numéro de scan est un ordre de lecture, pas un numéro manuscrit.
3° tome/suite 1/Sans titre - 59.jpg;Tome 03 - 1807-1816/Tome 03 - scan 0113 - feuillet.jpg;conservé;cbf228410e46ec578367156bfa7295f4b95229dd71220badf486da2d4a2963ef;1366600;Le numéro de scan est un ordre de lecture, pas un numéro manuscrit.
3° tome/suite 1/Sans titre - 60.jpg;Tome 03 - 1807-1816/Tome 03 - scan 0114 - feuillet.jpg;conservé;960994ccc70334e45a3924749e50bae10fa3dc8256a5c156b8e8b45aec4c17cd;1340885;Le numéro de scan est un ordre de lecture, pas un numéro manuscrit.
3° tome/suite 1/Sans titre - 61.jpg;Tome 03 - 1807-1816/Tome 03 - scan 0115 - feuillet.jpg;conservé;65c73b317bfe478404c044bca59c938ea4ce90309e13fcb2557dd94c8e08c3df;1349100;Le numéro de scan est un ordre de lecture, pas un numéro manuscrit.
3° tome/suite 1/Sans titre - 62.jpg;Tome 03 - 1807-1816/Tome 03 - scan 0116 - feuillet.jpg;conservé;2a14d8cdb2346a6587efa36a31415e13f5ccbfdaee53477118c0d3ddc22a13a1;1331479;Le numéro de scan est un ordre de lecture, pas un numéro manuscrit.
3° tome/suite 1/Sans titre - 63.jpg;Tome 03 - 1807-1816/Tome 03 - scan 0117 - feuillet.jpg;conservé;7dbc957f3c63d61cc8929069706bd0cb51086984451a6fb99e344adde55cd095;1381837;Le numéro de scan est un ordre de lecture, pas un numéro manuscrit.
3° tome/suite 1/Sans titre - 64.jpg;Tome 03 - 1807-1816/Tome 03 - scan 0118 - feuillet.jpg;conservé;8762433d7e3a3ae731b5ec1925816ff96425150143a1827ab200db8a0ad2791b;1303077;Le numéro de scan est un ordre de lecture, pas un numéro manuscrit.
3° tome/suite 1/Sans titre - 65.jpg;Tome 03 - 1807-1816/Tome 03 - scan 0119 - feuillet.jpg;conservé;1053f59ef703cbd262ecd0b3a83a890a5ba5b0965ac3d50794cb2cbb2a999450;1039872;Le numéro de scan est un ordre de lecture, pas un numéro manuscrit.
3° tome/suite 1/Sans titre - 66.jpg;Tome 03 - 1807-1816/Tome 03 - scan 0120 - table des matières.jpg;conservé;cf1c94c74846f6eb749e02ee2f596f17dfd7305e0212db19f7714d0110c42563;1262020;Le numéro de scan est un ordre de lecture, pas un numéro manuscrit.
3° tome/suite 1/Sans titre - 67.jpg;Tome 03 - 1807-1816/Tome 03 - scan 0121 - table des matières.jpg;conservé;45069cb9701532d0b9debc2836284c48a90ef4c228c1b4cfbb309576d11492d8;1297571;Le numéro de scan est un ordre de lecture, pas un numéro manuscrit.
3° tome/suite 1/Sans titre - 69.jpg;Tome 03 - 1807-1816/Tome 03 - scan 0122 - table des matières.jpg;conservé;c7af5de6497bd00ce0c3bd644c4bfb0a45352e0f925d4517915b42b8a2d2eaae;1268140;Le numéro de scan est un ordre de lecture, pas un numéro manuscrit.
3° tome/suite 1/Sans titre - 70.jpg;Tome 03 - 1807-1816/Tome 03 - scan 0123 - table des matières.jpg;conservé;49ccc351061c7a7dd12e95eba5e448c426020a4d41e15b7a5577b2df09bcd300;1269051;Le numéro de scan est un ordre de lecture, pas un numéro manuscrit.
4° tome/Sans titre - 1.jpg;Tome 04 - 1816-1830/Tome 04 - scan 0001 - couverture.jpg;conservé;9a1fc6537ee7f36693cd98a18cf5d1ab13dbad18f8f401d095c0abfc56b9e827;721199;Le numéro de scan est un ordre de lecture, pas un numéro manuscrit.
4° tome/Sans titre - 2.jpg;Tome 04 - 1816-1830/Tome 04 - scan 0002 - feuillet.jpg;conservé;7a90c0197bdaae829132d5e7c84d6fdc4acd95a8c9061d3d7f4437bc93a0d361;1361682;Le numéro de scan est un ordre de lecture, pas un numéro manuscrit.
4° tome/Sans titre - 3.jpg;Tome 04 - 1816-1830/Tome 04 - scan 0003 - feuillet.jpg;conservé;195e3b5396482137c671c8b4d87289c524eaf613dbd58314ed4fc08fe7376a0a;1571307;Le numéro de scan est un ordre de lecture, pas un numéro manuscrit.
4° tome/Sans titre -4.jpg;Tome 04 - 1816-1830/Tome 04 - scan 0004 - feuillet.jpg;conservé;abcadb5e99e8cad86d0e179f4492224587dd57c6c4715bc1290c7a9d143f6500;1338352;Le numéro de scan est un ordre de lecture, pas un numéro manuscrit.
4° tome/Sans titre - 5.jpg;Tome 04 - 1816-1830/Tome 04 - scan 0005 - feuillet.jpg;conservé;769f4b0534c8651eff6c6d1dd4254156880d28f485372c7271fdd6d7378eaffa;1509657;Le numéro de scan est un ordre de lecture, pas un numéro manuscrit.
4° tome/Sans titre - 7.jpg;Tome 04 - 1816-1830/Tome 04 - scan 0006 - feuillet.jpg;conservé;870da1fecad4e8f091d01f0746b98088059150fcfec0e88bcab4b631392498a9;1521050;Le numéro de scan est un ordre de lecture, pas un numéro manuscrit.
4° tome/Sans titre - 8.jpg;Tome 04 - 1816-1830/Tome 04 - scan 0007 - feuillet.jpg;conservé;c1f112a6a0e20d57a3cfc43875b5c5277b83fbca5d3c67dc391a04326bf1a8d0;1376389;Le numéro de scan est un ordre de lecture, pas un numéro manuscrit.
4° tome/Sans titre - 9.jpg;Tome 04 - 1816-1830/Tome 04 - scan 0008 - feuillet.jpg;conservé;4df3b0e04dc9a6d79343ed1deb7bfe04ff1cf4d92ccd9f43cf801f0422426a71;1479893;Le numéro de scan est un ordre de lecture, pas un numéro manuscrit.
4° tome/Sans titre - 10.jpg;Tome 04 - 1816-1830/Tome 04 - scan 0009 - feuillet.jpg;conservé;65b6b8ebc863be2e43250f9e7ca57ce8601bbc4debbe52d41e6b4deb4a2f0f28;1392931;Le numéro de scan est un ordre de lecture, pas un numéro manuscrit.
4° tome/Sans titre - 11.jpg;Tome 04 - 1816-1830/Tome 04 - scan 0010 - feuillet.jpg;conservé;8e5eddf681072acfaaeca8925ff9749766f62612f20689d27820699462af0f5f;1498719;Le numéro de scan est un ordre de lecture, pas un numéro manuscrit.
4° tome/Sans titre - 12.jpg;Tome 04 - 1816-1830/Tome 04 - scan 0011 - feuillet.jpg;conservé;7475cbf95626e77291b58163e4b55eb9f0116ec6f296caea6b569d197e8e5220;1401783;Le numéro de scan est un ordre de lecture, pas un numéro manuscrit.
4° tome/Sans titre - 13.jpg;Tome 04 - 1816-1830/Tome 04 - scan 0012 - feuillet.jpg;conservé;8f76df4ad770bfbc293403e249832b7a48bfac4f789701a6d5e158e8df16aeb8;1508690;Le numéro de scan est un ordre de lecture, pas un numéro manuscrit.
4° tome/Sans titre - 14.jpg;Tome 04 - 1816-1830/Tome 04 - scan 0013 - feuillet.jpg;conservé;d4198e84ce99d3561b2c41baf2bc6f6fcf887bb3f5d833a2f4c15125467c6131;1380798;Le numéro de scan est un ordre de lecture, pas un numéro manuscrit.
4° tome/Sans titre - 15.jpg;Tome 04 - 1816-1830/Tome 04 - scan 0014 - feuillet.jpg;conservé;a8ee48bae8eb97112e4dc720e3b61bfb7a4ed5197a91479a981ccbd309f2b76b;1475757;Le numéro de scan est un ordre de lecture, pas un numéro manuscrit.
4° tome/Sans titre - 16.jpg;Tome 04 - 1816-1830/Tome 04 - scan 0015 - feuillet.jpg;conservé;049591c146eb3b8d2a4846749d50a6549274460f61e6b1688690c400d67436c1;1248352;Le numéro de scan est un ordre de lecture, pas un numéro manuscrit.
4° tome/Sans titre - 17.jpg;Tome 04 - 1816-1830/Tome 04 - scan 0016 - feuillet.jpg;conservé;4361e1646c944cc8eb57d7499cb4117d594a94f162da3f94fdb3e4931a40f7a0;1461287;Le numéro de scan est un ordre de lecture, pas un numéro manuscrit.
4° tome/Sans titre - 18.jpg;Tome 04 - 1816-1830/Tome 04 - scan 0017 - feuillet.jpg;conservé;552da832ac58af738de6262f30cc762c710e423bcd96e265a1e9b4b763b74baf;1307999;Le numéro de scan est un ordre de lecture, pas un numéro manuscrit.
4° tome/Sans titre - 19.jpg;Tome 04 - 1816-1830/Tome 04 - scan 0018 - feuillet.jpg;conservé;17954573974fb33a9690aeb06c111c284368a43b0784f6acf5a8011a979d60ca;1433669;Le numéro de scan est un ordre de lecture, pas un numéro manuscrit.
4° tome/Sans titre - 20.jpg;Tome 04 - 1816-1830/Tome 04 - scan 0019 - feuillet.jpg;conservé;b3900d6287afcaf1fe54a752dc342eb6d0a95ad67a82526732e065f04caab85e;1383624;Le numéro de scan est un ordre de lecture, pas un numéro manuscrit.
4° tome/Sans titre - 21.jpg;Tome 04 - 1816-1830/Tome 04 - scan 0020 - feuillet.jpg;conservé;96a60afd3d33b8e3e6b0c796fe4fc20572c2bd793a716ae72af0e6de3a19f412;1462366;Le numéro de scan est un ordre de lecture, pas un numéro manuscrit.
4° tome/Sans titre - 22.jpg;Tome 04 - 1816-1830/Tome 04 - scan 0021 - feuillet.jpg;conservé;59a70e8ea0f76b912df9f6e79e768cc853dde8e4815c795a064a65c8af283799;1342024;Le numéro de scan est un ordre de lecture, pas un numéro manuscrit.
4° tome/Sans titre - 23.jpg;Tome 04 - 1816-1830/Tome 04 - scan 0022 - feuillet.jpg;conservé;851fad4d0cb569f60e4c1f6d4301a95265967c45c5f2fd29101787a211c19636;1330797;Le numéro de scan est un ordre de lecture, pas un numéro manuscrit.
4° tome/Sans titre - 24.jpg;Tome 04 - 1816-1830/Tome 04 - scan 0023 - feuillet.jpg;conservé;5d3b4382e8058f885be16c6775d1f4251bd5f1a8399aa85fd43c6d20f2853c1d;1374582;Le numéro de scan est un ordre de lecture, pas un numéro manuscrit.
4° tome/Sans titre - 25.jpg;Tome 04 - 1816-1830/Tome 04 - scan 0024 - feuillet.jpg;conservé;d4262f97d59ac2c68a738b43addc3ccd8d2848ad7901f644c4144b33297990f2;1312928;Le numéro de scan est un ordre de lecture, pas un numéro manuscrit.
4° tome/Sans titre - 26.jpg;Tome 04 - 1816-1830/Tome 04 - scan 0025 - feuillet.jpg;conservé;b4370a4c89ebdb6716bfb83989c2dc5f0a735078de7806494e402cdb253bbeeb;1349108;Le numéro de scan est un ordre de lecture, pas un numéro manuscrit.
4° tome/Sans titre - 27.jpg;Tome 04 - 1816-1830/Tome 04 - scan 0026 - feuillet.jpg;conservé;bf01624dc517af93342eff58abb2a8c85c500e54214b4d90d0d6864837b64970;1309504;Le numéro de scan est un ordre de lecture, pas un numéro manuscrit.
4° tome/Sans titre - 28.jpg;Tome 04 - 1816-1830/Tome 04 - scan 0027 - feuillet.jpg;conservé;5700b5f569526af2055cf9e68d091ee2b8c382c75c44dba7db18e916340c1d3c;1342508;Le numéro de scan est un ordre de lecture, pas un numéro manuscrit.
4° tome/Sans titre - 29.jpg;Tome 04 - 1816-1830/Tome 04 - scan 0028 - feuillet.jpg;conservé;8b28a7f87777438f16e8bd3c4f95b8159a29b89e8f9fd267a9cb8e05a643cdba;1306563;Le numéro de scan est un ordre de lecture, pas un numéro manuscrit.
4° tome/Sans titre - 30.jpg;Tome 04 - 1816-1830/Tome 04 - scan 0029 - feuillet.jpg;conservé;a47016c08c3562f60e0650f30b2e32d69cdec4b1c729f02673479098578775ae;1430021;Le numéro de scan est un ordre de lecture, pas un numéro manuscrit.
4° tome/Sans titre - 31.jpg;Tome 04 - 1816-1830/Tome 04 - scan 0030 - feuillet.jpg;conservé;36d216139b670f8981ca1d8568863b315b4ac3c6dc9a0d5141b2d750ca06dde3;1374261;Le numéro de scan est un ordre de lecture, pas un numéro manuscrit.
4° tome/Sans titre - 32.jpg;Tome 04 - 1816-1830/Tome 04 - scan 0031 - feuillet.jpg;conservé;1740fce1929690511101d04403edeb6e16cee6cdd12f8b740c9a8c5ab0003e0e;1285575;Le numéro de scan est un ordre de lecture, pas un numéro manuscrit.
4° tome/Sans titre - 33.jpg;Tome 04 - 1816-1830/Tome 04 - scan 0032 - feuillet.jpg;conservé;99df999d560d4e7751d59b8b0301b5542d38e3d741fda2ea784893f88104acd0;1377315;Le numéro de scan est un ordre de lecture, pas un numéro manuscrit.
4° tome/Sans titre - 34.jpg;Tome 04 - 1816-1830/Tome 04 - scan 0033 - feuillet.jpg;conservé;ab97c25b8082112ccd157aaf8b0616d84ecc27bf6a7add41fe7adb7cb81eb436;1458562;Le numéro de scan est un ordre de lecture, pas un numéro manuscrit.
4° tome/Sans titre - 35.jpg;Tome 04 - 1816-1830/Tome 04 - scan 0034 - feuillet.jpg;conservé;1f815069925546951f5b762975725fdc2602a4aadda02e38bbe4689d891db67f;1306266;Le numéro de scan est un ordre de lecture, pas un numéro manuscrit.
4° tome/Sans titre - 36.jpg;Tome 04 - 1816-1830/Tome 04 - scan 0035 - feuillet.jpg;conservé;1db9361df13741ae9d79dc32b6184a500d3b86c6ee4cf25c02ffd78d9b19ea62;1326547;Le numéro de scan est un ordre de lecture, pas un numéro manuscrit.
4° tome/Sans titre - 37.jpg;Tome 04 - 1816-1830/Tome 04 - scan 0036 - feuillet.jpg;conservé;fd4b9adde492b26c979dabae3f058d26e11f1cc631d6ebea0541a48cc29800dd;1328829;Le numéro de scan est un ordre de lecture, pas un numéro manuscrit.
4° tome/Sans titre - 38.jpg;Tome 04 - 1816-1830/Tome 04 - scan 0037 - feuillet.jpg;conservé;db0c88d39d90477e8de116de25c202fc181b36efeaa86bf62f3060929e9e3631;1718242;Le numéro de scan est un ordre de lecture, pas un numéro manuscrit.
4° tome/Sans titre - 39.jpg;Tome 04 - 1816-1830/Tome 04 - scan 0038 - feuillet.jpg;conservé;cf3617341f141942a670cfc7164badf1d15e8e21bae52127ae7388d6b9a7b21f;1600091;Le numéro de scan est un ordre de lecture, pas un numéro manuscrit.
4° tome/Sans titre - 40.jpg;Tome 04 - 1816-1830/Tome 04 - scan 0039 - feuillet.jpg;conservé;396f5d0a74b1a8ed939ba81d2a32326a3ebb1e6ea90371867e3d811a88156315;1786265;Le numéro de scan est un ordre de lecture, pas un numéro manuscrit.
4° tome/Sans titre - 41.jpg;Tome 04 - 1816-1830/Tome 04 - scan 0040 - feuillet.jpg;conservé;443aa15402e2aff939f047ef6b80a4211e23e8bacc19c905d5213c38722227aa;1335108;Le numéro de scan est un ordre de lecture, pas un numéro manuscrit.
4° tome/Sans titre - 42.jpg;Tome 04 - 1816-1830/Tome 04 - scan 0041 - feuillet.jpg;conservé;4b68db2ed6edd51cabc54f76a7180b1dbd66db82b527abada986a804a1d31cc3;1750929;Le numéro de scan est un ordre de lecture, pas un numéro manuscrit.
4° tome/Sans titre - 43.jpg;Tome 04 - 1816-1830/Tome 04 - scan 0042 - feuillet.jpg;conservé;b5449faf426765bb368934b02765e90043367e794899d66c4e9294b12416d272;1408413;Le numéro de scan est un ordre de lecture, pas un numéro manuscrit.
4° tome/Sans titre - 44.jpg;Tome 04 - 1816-1830/Tome 04 - scan 0043 - feuillet.jpg;conservé;faefdc58b5cce151b5278f551f3ca228f1f3f2dfbbc92a0fad3d1bc3f17e4309;1330397;Le numéro de scan est un ordre de lecture, pas un numéro manuscrit.
4° tome/Sans titre - 45.jpg;Tome 04 - 1816-1830/Tome 04 - scan 0044 - feuillet.jpg;conservé;5998064d26d92e971c6dbb12b8202d9f354e9d5c73c59d2cae78e60ecf3d9a5a;1286318;Le numéro de scan est un ordre de lecture, pas un numéro manuscrit.
4° tome/Sans titre - 46.jpg;Tome 04 - 1816-1830/Tome 04 - scan 0045 - feuillet.jpg;conservé;f9f649abdb4f869757e2f8fadbf29bb817861324f8c058042281a2c1a6cc2c5e;1367343;Le numéro de scan est un ordre de lecture, pas un numéro manuscrit.
4° tome/Sans titre - 47.jpg;Tome 04 - 1816-1830/Tome 04 - scan 0046 - feuillet.jpg;conservé;e51ffec6dc4061ae4f3c6e3e20beb1ab53ad4b4139ea3a1bc40e44c90d503252;1267039;Le numéro de scan est un ordre de lecture, pas un numéro manuscrit.
4° tome/Sans titre - 48.jpg;Tome 04 - 1816-1830/Tome 04 - scan 0047 - feuillet.jpg;conservé;5f17e875ad3069c387772e8d4e2872d11facb84c11f50de17e1962cd317b7ccf;1357749;Le numéro de scan est un ordre de lecture, pas un numéro manuscrit.
4° tome/Sans titre - 49.jpg;Tome 04 - 1816-1830/Tome 04 - scan 0048 - feuillet.jpg;conservé;36774cd7576077d5c4ed2a523e025a7476ba7b554a38836f379a75d203d09c15;1255462;Le numéro de scan est un ordre de lecture, pas un numéro manuscrit.
4° tome/Sans titre - 50.jpg;Tome 04 - 1816-1830/Tome 04 - scan 0049 - feuillet.jpg;conservé;cb217a9b2996d1aa5cb11287145a13e90251d9a81b9b494493ea82813a76a7f2;1372239;Le numéro de scan est un ordre de lecture, pas un numéro manuscrit.
4° tome/Sans titre - 51.jpg;Tome 04 - 1816-1830/Tome 04 - scan 0050 - feuillet.jpg;conservé;7eafb862e9c475266fa2db76cf5c0cf78f5921cbbbe6bd71a96a7cf16ca30f10;1293890;Le numéro de scan est un ordre de lecture, pas un numéro manuscrit.
4° tome/Sans titre - 52.jpg;Tome 04 - 1816-1830/Tome 04 - scan 0051 - feuillet.jpg;conservé;19a6cb84b1f9943783b7f300296ef9b381913e89efc080f994ce0c9a3fb35d32;1444524;Le numéro de scan est un ordre de lecture, pas un numéro manuscrit.
4° tome/Sans titre - 53.jpg;Tome 04 - 1816-1830/Tome 04 - scan 0052 - feuillet.jpg;conservé;bfa1d322588c7f69b5874ec3b5c9d9cb8d79cfb67cb60c4178a92b5a230852b0;1284768;Le numéro de scan est un ordre de lecture, pas un numéro manuscrit.
4° tome/Sans titre - 54.jpg;Tome 04 - 1816-1830/Tome 04 - scan 0053 - feuillet.jpg;conservé;8fea31313549a056f5e083b35d34aa7c1bcfef74e780a87889ea3bc27a0c662c;1430846;Le numéro de scan est un ordre de lecture, pas un numéro manuscrit.
4° tome/Sans titre - 55.jpg;Tome 04 - 1816-1830/Tome 04 - scan 0054 - feuillet.jpg;conservé;458abddaf203bd7e5f0ef1cf24a7e3a05e4faf6690610256fec7e19378bf8760;1306037;Le numéro de scan est un ordre de lecture, pas un numéro manuscrit.
4° tome/Sans titre - 56.jpg;Tome 04 - 1816-1830/Tome 04 - scan 0055 - feuillet.jpg;conservé;63cadfa591e335935ae9435d137848fc398e7890a5ccde076e990f626606527a;1416267;Le numéro de scan est un ordre de lecture, pas un numéro manuscrit.
4° tome/Sans titre - 57.jpg;Tome 04 - 1816-1830/Tome 04 - scan 0056 - feuillet.jpg;conservé;d00959464440d05714bc24ab99b838f470461e28453cedac57e6dfee6c8633e0;1313164;Le numéro de scan est un ordre de lecture, pas un numéro manuscrit.
4° tome/Sans titre - 58.jpg;Tome 04 - 1816-1830/Tome 04 - scan 0057 - feuillet.jpg;conservé;57054ae0ae956ae40c42ac1040ba4e175e805ca6ecbce203997695d81bdf0924;1452799;Le numéro de scan est un ordre de lecture, pas un numéro manuscrit.
4° tome/Sans titre - 59.jpg;Tome 04 - 1816-1830/Tome 04 - scan 0058 - feuillet.jpg;conservé;fb43fc65d30bf254cd08262d7167c838ddf23964a63ce55ba289c882711922c4;1296228;Le numéro de scan est un ordre de lecture, pas un numéro manuscrit.
4° tome/Sans titre - 60.jpg;Tome 04 - 1816-1830/Tome 04 - scan 0059 - feuillet.jpg;conservé;b7a13e464985fc61710372ef3ab369f888da4de24c58b67912b1266cbfca28ee;1376332;Le numéro de scan est un ordre de lecture, pas un numéro manuscrit.
4° tome/Sans titre - 61.jpg;Tome 04 - 1816-1830/Tome 04 - scan 0060 - feuillet.jpg;conservé;8901704c0bec0086255d7cffaead7ebecf6e61b08b4a18827e76c3b6430ced59;1147422;Le numéro de scan est un ordre de lecture, pas un numéro manuscrit.
4° tome/Sans titre - 62.jpg;Tome 04 - 1816-1830/Tome 04 - scan 0061 - feuillet.jpg;conservé;c8a11f69f5209dc655b807d87ec6e8dd270e068d3691df84bf6a901a501b8246;1529827;Le numéro de scan est un ordre de lecture, pas un numéro manuscrit.
4° tome/Sans titre - 63.jpg;Tome 04 - 1816-1830/Tome 04 - scan 0062 - feuillet.jpg;conservé;3c2135ff101a06720e166f535e98362edb356d6012bb965a334dec87ca18a1f5;1263151;Le numéro de scan est un ordre de lecture, pas un numéro manuscrit.
4° tome/Sans titre - 64.jpg;Tome 04 - 1816-1830/Tome 04 - scan 0063 - feuillet.jpg;conservé;b5f15ae9f39f5c8db4cfe18b7255c22f36881fc8ffed89a621a6edd6f69099a1;1413663;Le numéro de scan est un ordre de lecture, pas un numéro manuscrit.
4° tome/Sans titre - 65.jpg;Tome 04 - 1816-1830/Tome 04 - scan 0064 - feuillet.jpg;conservé;d8d24b4b9f89233393c44c768b7f2b8d64175e04b665b04021a699c478c8a00f;1243551;Le numéro de scan est un ordre de lecture, pas un numéro manuscrit.
4° tome/Sans titre - 66.jpg;Tome 04 - 1816-1830/Tome 04 - scan 0065 - feuillet.jpg;conservé;4c40de7bf6e15c077ecd66e7a695b9e969247a8ee3a77b731df11271256d9268;1381889;Le numéro de scan est un ordre de lecture, pas un numéro manuscrit.
4° tome/Sans titre - 67.jpg;Tome 04 - 1816-1830/Tome 04 - scan 0066 - feuillet.jpg;conservé;bf44f0d19cccd90492b21035a8ea88303c5fa33e2be5c9d3669f540a4d639632;1227000;Le numéro de scan est un ordre de lecture, pas un numéro manuscrit.
4° tome/Sans titre - 68.jpg;Tome 04 - 1816-1830/Tome 04 - scan 0067 - feuillet.jpg;conservé;19ec9871d7ed48d8d00a6a13ecff649919608de8557961ea5f23132f2f3535dc;1490502;Le numéro de scan est un ordre de lecture, pas un numéro manuscrit.
4° tome/Sans titre - 69.jpg;Tome 04 - 1816-1830/Tome 04 - scan 0068 - feuillet.jpg;conservé;5136ea5c9b02600ee62d67943d8fe420d1bec70800e4193af606cd3c79bd862f;1308863;Le numéro de scan est un ordre de lecture, pas un numéro manuscrit.
4° tome/Sans titre - 70.jpg;Tome 04 - 1816-1830/Tome 04 - scan 0069 - feuillet.jpg;conservé;a53b9a98b84bad2c2119219bd2ec58e6443939cbb40b06acea2e8fbebd75600e;1550084;Le numéro de scan est un ordre de lecture, pas un numéro manuscrit.
4° tome/Sans titre - 71.jpg;Tome 04 - 1816-1830/Tome 04 - scan 0070 - feuillet.jpg;conservé;4c996267a561b0a1b9084825b24bd37e35223e4c7424c6611d78e249658dae20;1312222;Le numéro de scan est un ordre de lecture, pas un numéro manuscrit.
4° tome/Sans titre - 72.jpg;Tome 04 - 1816-1830/Tome 04 - scan 0071 - feuillet.jpg;conservé;b865a4cf47ca187e23f672700d06858d77d5435b6764a0d38cb54549effb0f49;1638753;Le numéro de scan est un ordre de lecture, pas un numéro manuscrit.
4° tome/Sans titre - 73.jpg;Tome 04 - 1816-1830/Tome 04 - scan 0072 - feuillet.jpg;conservé;ef00a4ae26d86612ea82030b42e80032d425ddd48e8bae8c4ca25ba11106de6c;1279197;Le numéro de scan est un ordre de lecture, pas un numéro manuscrit.
4° tome/Sans titre - 74.jpg;Tome 04 - 1816-1830/Tome 04 - scan 0073 - feuillet.jpg;conservé;c07cc4a80defaae56217120cf120ff2b63160baff1c4d963a5782d8e65c7646c;1513643;Le numéro de scan est un ordre de lecture, pas un numéro manuscrit.
4° tome/Sans titre - 75.jpg;Tome 04 - 1816-1830/Tome 04 - scan 0074 - feuillet.jpg;conservé;c7e79c2bbbf2cc12bad9ca76e3fa861b7f7e1fdfcaf5c94577a0f3e07ef1b1e8;1270920;Le numéro de scan est un ordre de lecture, pas un numéro manuscrit.
4° tome/Sans titre - 76.jpg;Tome 04 - 1816-1830/Tome 04 - scan 0075 - feuillet.jpg;conservé;16bb9872e1a7aff5811a0341645f7a93868c244e8136b0782984b9f156c8b06b;1406754;Le numéro de scan est un ordre de lecture, pas un numéro manuscrit.
4° tome/Sans titre - 77.jpg;Tome 04 - 1816-1830/Tome 04 - scan 0076 - feuillet.jpg;conservé;1a4db4792eb43c19ce11dcddaeea0e01a79a2fa9b690096b903545a581ea4256;1226500;Le numéro de scan est un ordre de lecture, pas un numéro manuscrit.
4° tome/Sans titre - 78.jpg;Tome 04 - 1816-1830/Tome 04 - scan 0077 - feuillet.jpg;conservé;2452eb66fc7cd063a3eb2dc46ed3d43000dda04493561b223f6ff815d16ae4cc;1566333;Le numéro de scan est un ordre de lecture, pas un numéro manuscrit.
4° tome/Sans titre - 79.jpg;Tome 04 - 1816-1830/Tome 04 - scan 0078 - feuillet.jpg;conservé;583bfe5ea429ca50cc177437a6527c78bbc9505b1f02a3fdf5b68b319a98288e;1292062;Le numéro de scan est un ordre de lecture, pas un numéro manuscrit.
4° tome/Sans titre - 80.jpg;Tome 04 - 1816-1830/Tome 04 - scan 0079 - feuillet.jpg;conservé;20896f533053b4f17817c17a52725c1bd78139c5b5e9f6bdd8016ef867c943bb;1500446;Le numéro de scan est un ordre de lecture, pas un numéro manuscrit.
4° tome/Sans titre - 81.jpg;Tome 04 - 1816-1830/Tome 04 - scan 0080 - feuillet.jpg;conservé;9a3aa8c34ec146f309ceeb3b0fa6db3ca90815bb6915d0dd5bff6397c464abda;1343949;Le numéro de scan est un ordre de lecture, pas un numéro manuscrit.
4° tome/Sans titre - 82.jpg;Tome 04 - 1816-1830/Tome 04 - scan 0081 - feuillet.jpg;conservé;ed94d2414dd3f111003c5c33fd6fdbfdbef6852515e1a6e5d4f72df130de89e1;1581934;Le numéro de scan est un ordre de lecture, pas un numéro manuscrit.
4° tome/Sans titre - 83.jpg;Tome 04 - 1816-1830/Tome 04 - scan 0082 - feuillet.jpg;conservé;c1186bfc9d1339a2686f7a1f0d220b587d258903cdfb466671f6fcc456905d28;1408411;Le numéro de scan est un ordre de lecture, pas un numéro manuscrit.
4° tome/Sans titre - 84.jpg;Tome 04 - 1816-1830/Tome 04 - scan 0083 - feuillet.jpg;conservé;25ae9b7cb9384d3d15bc6100e7fee81af37974808a2d349326a1c114eaf57f46;1463737;Le numéro de scan est un ordre de lecture, pas un numéro manuscrit.
4° tome/Sans titre - 85.jpg;Tome 04 - 1816-1830/Tome 04 - scan 0084 - feuillet.jpg;conservé;621c9e8264ea61234309e99888a3b9f39d725bf3388837af5012bee1b1cd7fc3;1393830;Le numéro de scan est un ordre de lecture, pas un numéro manuscrit.
4° tome/Sans titre - 86.jpg;Tome 04 - 1816-1830/Tome 04 - scan 0085 - feuillet.jpg;conservé;c93ed4d2d763616450f4bc15e526c197f07699e9750fa9d6a536f9037b72b6de;1852207;Le numéro de scan est un ordre de lecture, pas un numéro manuscrit.
4° tome/Sans titre - 87.jpg;Tome 04 - 1816-1830/Tome 04 - scan 0086 - feuillet.jpg;conservé;ced5a5313df74619cfe771d40faaade51b86b4e2c6a5609e3ce60c70c0cd293d;1342572;Le numéro de scan est un ordre de lecture, pas un numéro manuscrit.
4° tome/Sans titre - 88.jpg;Tome 04 - 1816-1830/Tome 04 - scan 0087 - feuillet.jpg;conservé;78277c1ace7272bd6825f94f90c753b0473f8c20f0dc3ad1dbab4ff55ba8bbda;1863817;Le numéro de scan est un ordre de lecture, pas un numéro manuscrit.
4° tome/Sans titre - 89.jpg;Tome 04 - 1816-1830/Tome 04 - scan 0088 - feuillet.jpg;conservé;964625c32fddda593514f30d59664fe8e9fb0e669b316d3ab4b416bfed4fec93;1441186;Le numéro de scan est un ordre de lecture, pas un numéro manuscrit.
4° tome/Sans titre - 90.jpg;Tome 04 - 1816-1830/Tome 04 - scan 0089 - feuillet.jpg;conservé;8a88a7bcc5caa3317b42540b52e1b3df9619b2c40b4145637301c5e14e20823c;1575832;Le numéro de scan est un ordre de lecture, pas un numéro manuscrit.
4° tome/Sans titre - 92.jpg;Tome 04 - 1816-1830/Tome 04 - scan 0090 - feuillet.jpg;conservé;89336875b3c31bc78e94f5e7c4812799d621204dec6d55dcde51b7e963a57d67;1489686;Le numéro de scan est un ordre de lecture, pas un numéro manuscrit.
4° tome/Sans titre - 93.jpg;Tome 04 - 1816-1830/Tome 04 - scan 0091 - feuillet.jpg;conservé;a54ac1bad89dc400bc28988662538640cfaca831fec4cee9defae38a1bbe18d0;1669397;Le numéro de scan est un ordre de lecture, pas un numéro manuscrit.
4° tome/Sans titre - 94.jpg;Tome 04 - 1816-1830/Tome 04 - scan 0092 - feuillet.jpg;conservé;6e12c369a4c0c77389f093b9606d1efbceeb733eb2830eb44c9455996c231e42;1728973;Le numéro de scan est un ordre de lecture, pas un numéro manuscrit.
4° tome/Sans titre - 95.jpg;Tome 04 - 1816-1830/Tome 04 - scan 0093 - feuillet.jpg;conservé;8dd12186c19e389d44195d0d10404e603a81b5168e38bbbb33b09bf2a06ebeee;1536081;Le numéro de scan est un ordre de lecture, pas un numéro manuscrit.
4° tome/Sans titre - 96.jpg;Tome 04 - 1816-1830/Tome 04 - scan 0094 - feuillet.jpg;conservé;67e4c8e362ebada80af8948adad227c87a3b21a214c142a03752572c86d2683c;1393310;Le numéro de scan est un ordre de lecture, pas un numéro manuscrit.
4° tome/Sans titre - 97.jpg;Tome 04 - 1816-1830/Tome 04 - scan 0095 - feuillet.jpg;conservé;0d1525dde9d897dcba4bbc9516e9b880e8c8c96ae4cb4954d7dcd9533feeca14;1567282;Le numéro de scan est un ordre de lecture, pas un numéro manuscrit.
4° tome/Sans titre - 98.jpg;Tome 04 - 1816-1830/Tome 04 - scan 0096 - feuillet.jpg;conservé;bf070684eaf2e2185bf59f398b15b05a02e63eefc5e11065d1a91bb96109d22c;1854052;Le numéro de scan est un ordre de lecture, pas un numéro manuscrit.
4° tome/Sans titre - 99.jpg;Tome 04 - 1816-1830/Tome 04 - scan 0097 - feuillet.jpg;conservé;2a241c5888316590cd7defa74aa3d5ea5aa7d51330bfcd7493e41ebd4a558f19;1596815;Le numéro de scan est un ordre de lecture, pas un numéro manuscrit.
4° tome/Sans titre - 100.jpg;Tome 04 - 1816-1830/Tome 04 - scan 0098 - feuillet.jpg;conservé;62f081f30f1cf81e3e2b06977d2938d37949b1c9cdbabd03842e65b72b216969;1742893;Le numéro de scan est un ordre de lecture, pas un numéro manuscrit.
4° tome/Sans titre - 101.jpg;Tome 04 - 1816-1830/Tome 04 - scan 0099 - feuillet.jpg;conservé;25c876de5a87c1bab79234677ac6b005a522087e4072e004d5708d5424fd8990;1629925;Le numéro de scan est un ordre de lecture, pas un numéro manuscrit.
4° tome/Sans titre - 102.jpg;Tome 04 - 1816-1830/Tome 04 - scan 0100 - feuillet.jpg;conservé;a3343c1c10ceba12e4f989082ba8e608d57bb80803ec35115b3d25be80012dec;1822206;Le numéro de scan est un ordre de lecture, pas un numéro manuscrit.
4° tome/Sans titre - 103.jpg;Tome 04 - 1816-1830/Tome 04 - scan 0101 - feuillet.jpg;conservé;0d04bcb56849328da62e20f35f157a385890b599fcb7cceb8ba2514e2835fd4f;1704621;Le numéro de scan est un ordre de lecture, pas un numéro manuscrit.
4° tome/Sans titre - 104.jpg;Tome 04 - 1816-1830/Tome 04 - scan 0102 - feuillet.jpg;conservé;a9ff40a8115e3f86b82d4f4f29900296d1fc1416ab1f2b41bd87b0a3f5902609;2097518;Le numéro de scan est un ordre de lecture, pas un numéro manuscrit.
4° tome/Sans titre - 105.jpg;Tome 04 - 1816-1830/Tome 04 - scan 0103 - feuillet.jpg;conservé;7ce99dc41d00bc72120c4fc3dc88f8a2001a8af486990936d2dca428d588c6e6;2040559;Le numéro de scan est un ordre de lecture, pas un numéro manuscrit.
4° tome/Sans titre - 106.jpg;Tome 04 - 1816-1830/Tome 04 - scan 0104 - feuillet.jpg;conservé;6a3aa8f7909058bcd2ff7a2a735c948da7bf0ce9a0888fe1951cceab0f235e33;1829106;Le numéro de scan est un ordre de lecture, pas un numéro manuscrit.
4° tome/Sans titre - 107.jpg;Tome 04 - 1816-1830/Tome 04 - scan 0105 - feuillet.jpg;conservé;c136e96b25d27342b351199d453470ef53b685addd7e1a1dab226447dd34e5c0;1606562;Le numéro de scan est un ordre de lecture, pas un numéro manuscrit.
5° tome/Sans titre - 1.jpg;Tome 05 - 1831-1840/Tome 05 - scan 0001 - couverture.jpg;conservé;39ce3dd5ab2246fd0f03666dc8a19e0701000b2570583520bd4fbcb8ff10a159;719619;Le numéro de scan est un ordre de lecture, pas un numéro manuscrit.
5° tome/Sans titre - 2.jpg;Tome 05 - 1831-1840/Tome 05 - scan 0002 - feuillet.jpg;conservé;4b4ccea4ddef87d57ce7c2bd38d56bde4093f61a069256e62e426ded897d1a14;1598060;Le numéro de scan est un ordre de lecture, pas un numéro manuscrit.
5° tome/Sans titre - 3.jpg;Tome 05 - 1831-1840/Tome 05 - scan 0003 - feuillet.jpg;conservé;e69e73f2d3bf78b42a2946497e011eca4c1c81cfd25592f86aca468db5ede1ed;1944884;Le numéro de scan est un ordre de lecture, pas un numéro manuscrit.
5° tome/Sans titre - 4.jpg;Tome 05 - 1831-1840/Tome 05 - scan 0004 - feuillet.jpg;conservé;aa82844da393880c2e5737eaea853f9927c9f4594b8604c1b54eda523c867a30;1824719;Le numéro de scan est un ordre de lecture, pas un numéro manuscrit.
5° tome/Sans titre - 5.jpg;Tome 05 - 1831-1840/Tome 05 - scan 0005 - feuillet.jpg;conservé;2bf93fd37d1aadb8886cd02155861080551a5412286f09692ab91223f3fca1b5;1946768;Le numéro de scan est un ordre de lecture, pas un numéro manuscrit.
5° tome/Sans titre - 6.jpg;Tome 05 - 1831-1840/Tome 05 - scan 0006 - feuillet.jpg;conservé;c7203f5df4d1ef524d87d8e89173c346e5731dfb01e268cbd8e76d65d32307a5;2055914;Le numéro de scan est un ordre de lecture, pas un numéro manuscrit.
5° tome/Sans titre - 7.jpg;Tome 05 - 1831-1840/Tome 05 - scan 0007 - feuillet.jpg;conservé;93acf4c580688eb60df8f1b2b30f177c4f9264eaf054dc33154872b1d6495764;1760261;Le numéro de scan est un ordre de lecture, pas un numéro manuscrit.
5° tome/Sans titre - 8.jpg;Tome 05 - 1831-1840/Tome 05 - scan 0008 - feuillet.jpg;conservé;f0e381520d630e8f68bb6417336fd94b72525badcfbce1702bce78e701663758;1764442;Le numéro de scan est un ordre de lecture, pas un numéro manuscrit.
5° tome/Sans titre - 9.jpg;Tome 05 - 1831-1840/Tome 05 - scan 0009 - feuillet.jpg;conservé;d13045a523f15edcff30aa526bbce01a43c6332f491fdb8c9d228799cd499cc8;1494979;Le numéro de scan est un ordre de lecture, pas un numéro manuscrit.
5° tome/Sans titre - 10.3.jpg;Tome 05 - 1831-1840/Tome 05 - scan 0010 - feuillet.jpg;conservé;4152d76831412308436fe02fd2072c2bfb507a28a5a1a542af9f745f04f31625;2406738;Le numéro de scan est un ordre de lecture, pas un numéro manuscrit.
5° tome/Sans titre - 11.jpg;Tome 05 - 1831-1840/Tome 05 - scan 0011 - feuillet.jpg;conservé;d2116a52e979da5742ebcd87630c1d3b5498611aecd4e2850409385bc0bc0e8e;1596093;Le numéro de scan est un ordre de lecture, pas un numéro manuscrit.
5° tome/Sans titre - 12.jpg;Tome 05 - 1831-1840/Tome 05 - scan 0012 - feuillet.jpg;conservé;37eb8a36a1d599f3ba6cf83763ebb2e131d5f5b382e36e56ed2b48a688986049;2082282;Le numéro de scan est un ordre de lecture, pas un numéro manuscrit.
5° tome/Sans titre - 13.jpg;Tome 05 - 1831-1840/Tome 05 - scan 0013 - feuillet.jpg;conservé;c937f9cff8617552009f2dcabf5777636b5e45ddaee13000b16bd90188c5f5c5;1495707;Le numéro de scan est un ordre de lecture, pas un numéro manuscrit.
5° tome/Sans titre - 14.jpg;Tome 05 - 1831-1840/Tome 05 - scan 0014 - feuillet.jpg;conservé;8fb36c37fbb2c0ba25b85ab0a323ab0b11f12bc08d317c6e03acc3961d4c530f;1635907;Le numéro de scan est un ordre de lecture, pas un numéro manuscrit.
5° tome/Sans titre - 15.jpg;Tome 05 - 1831-1840/Tome 05 - scan 0015 - feuillet.jpg;conservé;5dc104670b8e9e2ad69fa32604da09e4facbdbad0807ebe9078788b880cdf51f;1164084;Le numéro de scan est un ordre de lecture, pas un numéro manuscrit.
5° tome/Sans titre - 16.jpg;Tome 05 - 1831-1840/Tome 05 - scan 0016 - feuillet.jpg;conservé;3626232559e5612a09497266042887030e4f25063db1a5a0390831bf6680eb27;2391429;Le numéro de scan est un ordre de lecture, pas un numéro manuscrit.
5° tome/Sans titre - 17.jpg;Tome 05 - 1831-1840/Tome 05 - scan 0017 - feuillet.jpg;conservé;78e74445a2e0fb02c91b937f97375c9f5e00f7b26dc2fb6a0586d56d2db6da11;1847856;Le numéro de scan est un ordre de lecture, pas un numéro manuscrit.
5° tome/Sans titre - 18.jpg;Tome 05 - 1831-1840/Tome 05 - scan 0018 - feuillet.jpg;conservé;bcd332772841b98edd863ed0ef957cd71c7efac98eb2c4d49edf100b0922bc39;2053453;Le numéro de scan est un ordre de lecture, pas un numéro manuscrit.
5° tome/Sans titre - 20.jpg;Tome 05 - 1831-1840/Tome 05 - scan 0019 - feuillet.jpg;conservé;3a9938d7ac5b47b706e6ccab9aa5b2d440c145fe8735388a0f37c2d7bd73a2bf;2149302;Le numéro de scan est un ordre de lecture, pas un numéro manuscrit.
5° tome/Sans titre - 21.jpg;Tome 05 - 1831-1840/Tome 05 - scan 0020 - feuillet.jpg;conservé;a21ed555cb9f702021b676d39155f95cd31a33c779b61dc373f9b01c178e206e;2355627;Le numéro de scan est un ordre de lecture, pas un numéro manuscrit.
5° tome/Sans titre - 22.jpg;Tome 05 - 1831-1840/Tome 05 - scan 0021 - feuillet.jpg;conservé;99b55ac6ea9d45b9344fad806738f5b6cfb7c354af4f9366e66ba8e24ae1e2f4;2107131;Le numéro de scan est un ordre de lecture, pas un numéro manuscrit.
5° tome/Sans titre - 23.jpg;Tome 05 - 1831-1840/Tome 05 - scan 0022 - feuillet.jpg;conservé;38e12c595cb0428be8265ffbe32e411417d32813ad08bfe9d4652d5f5d1d2e6e;2075678;Le numéro de scan est un ordre de lecture, pas un numéro manuscrit.
5° tome/Sans titre - 24.jpg;Tome 05 - 1831-1840/Tome 05 - scan 0023 - feuillet.jpg;conservé;40fc28846e17a132fa0285a5d84bd5797f4855dd2bdc5a2554b522805fdd63bd;2412044;Le numéro de scan est un ordre de lecture, pas un numéro manuscrit.
5° tome/Sans titre - 26.jpg;Tome 05 - 1831-1840/Tome 05 - scan 0024 - feuillet.jpg;conservé;6afead7c3e7d689f72cc3a05ebb6367868997819e9aebd88d3f8e9adfd44fc54;2103767;Le numéro de scan est un ordre de lecture, pas un numéro manuscrit.
5° tome/Sans titre - 27.jpg;Tome 05 - 1831-1840/Tome 05 - scan 0025 - feuillet.jpg;conservé;a410724e9e73b3444845ce57441b90d304e6a7de7e914f00388c944165ed573a;1781961;Le numéro de scan est un ordre de lecture, pas un numéro manuscrit.
5° tome/Sans titre - 29.jpg;Tome 05 - 1831-1840/Tome 05 - scan 0026 - feuillet.jpg;conservé;d9692729a16a0f2eed4c445538c270bf1d199db2a9050363d69ff9c5e04b31f2;2136371;Le numéro de scan est un ordre de lecture, pas un numéro manuscrit.
5° tome/Sans titre - 30.jpg;Tome 05 - 1831-1840/Tome 05 - scan 0027 - feuillet.jpg;conservé;20a290948d1c82c17bba8c5fc56900f55fdfe0461c93acb4b1a9c5ca80d095b5;1618192;Le numéro de scan est un ordre de lecture, pas un numéro manuscrit.
5° tome/Sans titre - 31.jpg;Tome 05 - 1831-1840/Tome 05 - scan 0028 - feuillet.jpg;conservé;cb0cda2d2aa811845c42f1e8db6783987095ea1cdcad24ed182da3be8e860320;2114403;Le numéro de scan est un ordre de lecture, pas un numéro manuscrit.
5° tome/Sans titre - 32.jpg;Tome 05 - 1831-1840/Tome 05 - scan 0029 - feuillet.jpg;conservé;a9455c46982b6e66e4c911758168f7feb290a575275d6427c4ad509ad0439272;1603542;Le numéro de scan est un ordre de lecture, pas un numéro manuscrit.
5° tome/Sans titre - 33.jpg;Tome 05 - 1831-1840/Tome 05 - scan 0030 - feuillet.jpg;conservé;e7db3d1956e9045c3e7f8a93720e67d73085f6c57089548885b46dd9e1cde1e0;1786927;Le numéro de scan est un ordre de lecture, pas un numéro manuscrit.
5° tome/Sans titre - 34.jpg;Tome 05 - 1831-1840/Tome 05 - scan 0031 - feuillet.jpg;conservé;d52ef7c97990dbc758b4802b8bc84f63071d12b89bc409f0cd669e5115413216;1411360;Le numéro de scan est un ordre de lecture, pas un numéro manuscrit.
5° tome/Sans titre - 35.jpg;Tome 05 - 1831-1840/Tome 05 - scan 0032 - feuillet.jpg;conservé;058448a68d070105f27ef4fb97f084a2c3e2f91ff24ce370464b9461171f77f0;1781685;Le numéro de scan est un ordre de lecture, pas un numéro manuscrit.
5° tome/Sans titre - 36.jpg;Tome 05 - 1831-1840/Tome 05 - scan 0033 - feuillet.jpg;conservé;a62fbc1d34185ee957aa208854f6b72d9efe3d0ba21eda1f14e975902b77cbb2;1518003;Le numéro de scan est un ordre de lecture, pas un numéro manuscrit.
5° tome/Sans titre - 37.jpg;Tome 05 - 1831-1840/Tome 05 - scan 0034 - feuillet.jpg;conservé;8ec7a96d31d183665d5dd193816416e6f92ee7c2e1442a98571487768a502d23;2003577;Le numéro de scan est un ordre de lecture, pas un numéro manuscrit.
5° tome/Sans titre - 38.jpg;Tome 05 - 1831-1840/Tome 05 - scan 0035 - feuillet.jpg;conservé;b896e34859ae107db86f2c9843cdc2d8aade76f93e09a44e14bf4a04036c8a1a;1476672;Le numéro de scan est un ordre de lecture, pas un numéro manuscrit.
5° tome/Sans titre - 39.jpg;Tome 05 - 1831-1840/Tome 05 - scan 0036 - feuillet.jpg;conservé;76863f097b7de12d91bc44193b4c77d79ccebf9980a78741f566771ce98d91fa;2218265;Le numéro de scan est un ordre de lecture, pas un numéro manuscrit.
5° tome/Sans titre - 40.jpg;Tome 05 - 1831-1840/Tome 05 - scan 0037 - feuillet.jpg;conservé;f9549df51d2b5d612548322ea12b7777ee33f3369b982264e1d448a5f051ad96;1591131;Le numéro de scan est un ordre de lecture, pas un numéro manuscrit.
5° tome/Sans titre - 41.jpg;Tome 05 - 1831-1840/Tome 05 - scan 0038 - feuillet.jpg;conservé;82528d5a7541652c41794e62bc4fae2a51ea07471d36ae94ca17c031131dbf4a;1469061;Le numéro de scan est un ordre de lecture, pas un numéro manuscrit.
5° tome/Sans titre - 42.jpg;Tome 05 - 1831-1840/Tome 05 - scan 0039 - feuillet.jpg;conservé;1207173b4eaaffa119fd62de155852b45820d6f2d772fe66003ed0a4e258bf1f;1608986;Le numéro de scan est un ordre de lecture, pas un numéro manuscrit.
5° tome/Sans titre - 43.jpg;Tome 05 - 1831-1840/Tome 05 - scan 0040 - feuillet.jpg;conservé;af26f885d43820a6d3cd580316ddfb197c237e9dbe19acce5585c6a48a863afe;1479286;Le numéro de scan est un ordre de lecture, pas un numéro manuscrit.
5° tome/Sans titre - 44.jpg;Tome 05 - 1831-1840/Tome 05 - scan 0041 - feuillet.jpg;conservé;44d9569f41c20cd238cb7895a5de42b6ff5ab9a00e3606835ecee278f23074ff;2061428;Le numéro de scan est un ordre de lecture, pas un numéro manuscrit.
5° tome/Sans titre - 44b.jpg;Tome 05 - 1831-1840/Tome 05 - scan 0042 - feuillet.jpg;conservé;a7e155123e14f80ba635eb1317fd8010ec73d798fb6bf0f03c81c886943fdfbf;1601072;Le numéro de scan est un ordre de lecture, pas un numéro manuscrit.
5° tome/Sans titre - 45.jpg;Tome 05 - 1831-1840/Tome 05 - scan 0043 - feuillet.jpg;conservé;7f214a1ac41ed2b5b42d4b36a9f3f2e44ea7ff4414ffa4bca9e37bf76e597094;1782276;Le numéro de scan est un ordre de lecture, pas un numéro manuscrit.
5° tome/Sans titre - 46.jpg;Tome 05 - 1831-1840/Tome 05 - scan 0044 - feuillet.jpg;conservé;432f6d2466d814a008967ef96eb4a174210febe857dde798ccdc4452a1cea8d4;1477557;Le numéro de scan est un ordre de lecture, pas un numéro manuscrit.
5° tome/Sans titre - 47.jpg;Tome 05 - 1831-1840/Tome 05 - scan 0045 - feuillet.jpg;conservé;92fa2a1dfe41ddb3ae4f16b9a65a82a5da07dade3122e186bd7e45eca8d9f691;2220455;Le numéro de scan est un ordre de lecture, pas un numéro manuscrit.
5° tome/Sans titre - 48.jpg;Tome 05 - 1831-1840/Tome 05 - scan 0046 - feuillet.jpg;conservé;70c41cc77e692fb2fa664b35570fcfc912bf285a77d819ebcde9784e511d84fe;1720157;Le numéro de scan est un ordre de lecture, pas un numéro manuscrit.
5° tome/Sans titre - 49.jpg;Tome 05 - 1831-1840/Tome 05 - scan 0047 - feuillet.jpg;conservé;018fcc00cb2e8de9875c52d5c222e3d0869244bc3953c31949c4068a879eeaf3;2006635;Le numéro de scan est un ordre de lecture, pas un numéro manuscrit.
5° tome/Sans titre - 50.jpg;Tome 05 - 1831-1840/Tome 05 - scan 0048 - feuillet.jpg;conservé;74e81f85dad9c5077b140474a4aad614fd25e47685d2779261f54f0fc7461697;1544483;Le numéro de scan est un ordre de lecture, pas un numéro manuscrit.
5° tome/Sans titre - 51.jpg;Tome 05 - 1831-1840/Tome 05 - scan 0049 - feuillet.jpg;conservé;b1bef4a1dbb547741099897e149501badcfa5c1e6fad76ff5453ec5bbda14283;1802952;Le numéro de scan est un ordre de lecture, pas un numéro manuscrit.
5° tome/Sans titre - 52.jpg;Tome 05 - 1831-1840/Tome 05 - scan 0050 - feuillet.jpg;conservé;6db20ba305b841fc2a270cd9b626b53355c709896e530f83995f349858681a25;1488248;Le numéro de scan est un ordre de lecture, pas un numéro manuscrit.
5° tome/Sans titre - 53.jpg;Tome 05 - 1831-1840/Tome 05 - scan 0051 - feuillet.jpg;conservé;9636fbd7965dae9ddf3a1bad02b2b7c1d187bc3f5f387114b61a3d5a7ef85623;1962617;Le numéro de scan est un ordre de lecture, pas un numéro manuscrit.
5° tome/Sans titre - 54.jpg;Tome 05 - 1831-1840/Tome 05 - scan 0052 - feuillet.jpg;conservé;fed2d454743164f6135b487bf22d88792477eb57a02e3d6eafac54b5425a1bfd;1443636;Le numéro de scan est un ordre de lecture, pas un numéro manuscrit.
5° tome/Sans titre - 57.jpg;Tome 05 - 1831-1840/Tome 05 - scan 0053 - feuillet.jpg;conservé;32c07772ae2fa325a1510c4c7605c7e4dc46dfd4ef55bd9415e02ddeffd1b031;1855645;Le numéro de scan est un ordre de lecture, pas un numéro manuscrit.
5° tome/Sans titre - 58.jpg;Tome 05 - 1831-1840/Tome 05 - scan 0054 - feuillet.jpg;conservé;e961f5a53c442e64450d42ac2e75e56e5a70040f64ec28af94c998bc45481ed0;1542392;Le numéro de scan est un ordre de lecture, pas un numéro manuscrit.
5° tome/Sans titre - 59.jpg;Tome 05 - 1831-1840/Tome 05 - scan 0055 - feuillet.jpg;conservé;90e4a7b266d9dda83c3086b71cefc043d7bc307f96a5f7c86346b830a4065f3b;2120962;Le numéro de scan est un ordre de lecture, pas un numéro manuscrit.
5° tome/Sans titre - 60.jpg;Tome 05 - 1831-1840/Tome 05 - scan 0056 - feuillet.jpg;conservé;29367abeb6e61e54734c33bc2c047a87a5da54dd493a927f0f7a3f21a280d402;2244806;Le numéro de scan est un ordre de lecture, pas un numéro manuscrit.
5° tome/Sans titre - 61.jpg;Tome 05 - 1831-1840/Tome 05 - scan 0057 - feuillet.jpg;conservé;5966e69adc0c84d52f05a97287a0e147841ba87ba18dd769b3fa9cbf74349cad;2008185;Le numéro de scan est un ordre de lecture, pas un numéro manuscrit.
5° tome/Sans titre - 62.jpg;Tome 05 - 1831-1840/Tome 05 - scan 0058 - feuillet.jpg;conservé;f7d3f959c60fe08462e97de7ee46b242c58fc1b620ef5459d515db4fa3ddb76f;1395746;Le numéro de scan est un ordre de lecture, pas un numéro manuscrit.
5° tome/Sans titre - 63.jpg;Tome 05 - 1831-1840/Tome 05 - scan 0059 - feuillet.jpg;conservé;7180e295d8642e21ac0ba7f828c09d181aca2b598caafa9f4c9ae6f9db7a5358;1856883;Le numéro de scan est un ordre de lecture, pas un numéro manuscrit.
5° tome/Sans titre - 64.jpg;Tome 05 - 1831-1840/Tome 05 - scan 0060 - feuillet.jpg;conservé;713eefb925600da225c8bdafe001c9d05c94230b4b8378684ceafd40ecd04722;1381338;Le numéro de scan est un ordre de lecture, pas un numéro manuscrit.
5° tome/Sans titre - 65.jpg;Tome 05 - 1831-1840/Tome 05 - scan 0061 - feuillet.jpg;conservé;143d3a69a1e5539c05c552332aa989ef7ef4e9e57d58cdd445a506b302d7ac76;1985276;Le numéro de scan est un ordre de lecture, pas un numéro manuscrit.
5° tome/Sans titre - 66.jpg;Tome 05 - 1831-1840/Tome 05 - scan 0062 - feuillet.jpg;conservé;2cc751c5fe44c8b096adb6381c39e494115f41bae426ec5caf68112dd3ec16d3;1380171;Le numéro de scan est un ordre de lecture, pas un numéro manuscrit.
5° tome/Sans titre - 67.jpg;Tome 05 - 1831-1840/Tome 05 - scan 0063 - feuillet.jpg;conservé;580beb1e80a56910325d8d8ea6b53bff4ccbe3c1297ef91c1e55afc8cdad349d;1994805;Le numéro de scan est un ordre de lecture, pas un numéro manuscrit.
5° tome/Sans titre - 68.jpg;Tome 05 - 1831-1840/Tome 05 - scan 0064 - feuillet.jpg;conservé;4bc15a38677f35e9bcb430f3d475c43128a01da996d1891a2f4513981bfc9396;1369248;Le numéro de scan est un ordre de lecture, pas un numéro manuscrit.
5° tome/Sans titre - 69.jpg;Tome 05 - 1831-1840/Tome 05 - scan 0065 - feuillet.jpg;conservé;960d05cce09d6efca4b3a6edb6edc87ae3501f56de0c47afb24f17f53be7a1b4;2122684;Le numéro de scan est un ordre de lecture, pas un numéro manuscrit.
5° tome/Sans titre - 70.jpg;Tome 05 - 1831-1840/Tome 05 - scan 0066 - feuillet.jpg;conservé;3159f307cc278aa2a4e01cb383412e7e6681927017f5a452ab3a1d393297532b;1472308;Le numéro de scan est un ordre de lecture, pas un numéro manuscrit.
5° tome/Sans titre - 71.jpg;Tome 05 - 1831-1840/Tome 05 - scan 0067 - feuillet.jpg;conservé;c67860a94721c03fb899728d53a1b29c98fd7d94c9f318ad51f2ee0c91e0523f;1961388;Le numéro de scan est un ordre de lecture, pas un numéro manuscrit.
5° tome/Sans titre - 72.jpg;Tome 05 - 1831-1840/Tome 05 - scan 0068 - feuillet.jpg;conservé;1b031877057f71edf6335bc1521da8177035b37de37c07d45f67f9b780df194c;1382428;Le numéro de scan est un ordre de lecture, pas un numéro manuscrit.
5° tome/Sans titre - 73.jpg;Tome 05 - 1831-1840/Tome 05 - scan 0069 - feuillet.jpg;conservé;dc162ade90575d215d63ff9a1cac86b2094dd88861a8e67375b3dfaa36dda03f;1842605;Le numéro de scan est un ordre de lecture, pas un numéro manuscrit.
5° tome/Sans titre - 74.jpg;Tome 05 - 1831-1840/Tome 05 - scan 0070 - feuillet.jpg;conservé;2ade60fa40596c95c78f06439ffdc2f37be216c0075c7a19d2ae614329640fe5;1364253;Le numéro de scan est un ordre de lecture, pas un numéro manuscrit.
5° tome/Sans titre - 75.jpg;Tome 05 - 1831-1840/Tome 05 - scan 0071 - feuillet.jpg;conservé;b4c9bc72dc02b9be8e141028b5c087894c4053529bafbf55c7eaaa16892b39ff;1891778;Le numéro de scan est un ordre de lecture, pas un numéro manuscrit.
5° tome/Sans titre - 76.jpg;Tome 05 - 1831-1840/Tome 05 - scan 0072 - feuillet.jpg;conservé;6957e9a3fb67e1da1806fe19433c72b2e61d2fe67aa66cf826f708c7ff69a764;1286529;Le numéro de scan est un ordre de lecture, pas un numéro manuscrit.
5° tome/Sans titre - 77.jpg;Tome 05 - 1831-1840/Tome 05 - scan 0073 - feuillet.jpg;conservé;e9774d52fe6f7c64476d7d50c8c6e91f6d70c83161fc7b31e56ff0a48e5b01ba;1837399;Le numéro de scan est un ordre de lecture, pas un numéro manuscrit.
5° tome/Sans titre - 78.jpg;Tome 05 - 1831-1840/Tome 05 - scan 0074 - feuillet.jpg;conservé;d90accf774b2059d9924b4abf4518b2c623216551c0c80645eebfd83eacb3b18;2431840;Le numéro de scan est un ordre de lecture, pas un numéro manuscrit.
5° tome/Sans titre - 79.jpg;Tome 05 - 1831-1840/Tome 05 - scan 0075 - feuillet.jpg;conservé;dbb9f46fce882b9d68d96f66eecfb4b2840c23bfb068965495ab83abbbe49d53;2172978;Le numéro de scan est un ordre de lecture, pas un numéro manuscrit.
5° tome/Sans titre - 80.jpg;Tome 05 - 1831-1840/Tome 05 - scan 0076 - feuillet.jpg;conservé;09920b4d2fb4174a4e4c4933008a95432c05f9381f9221e9381e52870e03bfb9;1738822;Le numéro de scan est un ordre de lecture, pas un numéro manuscrit.
5° tome/Sans titre - 81.jpg;Tome 05 - 1831-1840/Tome 05 - scan 0077 - feuillet.jpg;conservé;99927cd3702e42756f164f51ea0c0722fa298d251e02b47547a2437bbb12fb57;1906113;Le numéro de scan est un ordre de lecture, pas un numéro manuscrit.
5° tome/Sans titre - 82.jpg;Tome 05 - 1831-1840/Tome 05 - scan 0078 - feuillet.jpg;conservé;1601eb9533ddc2d3ddc8a8d0c09010999716693b30076eed08b654d939cb34e0;1456477;Le numéro de scan est un ordre de lecture, pas un numéro manuscrit.
5° tome/Sans titre - 83.jpg;Tome 05 - 1831-1840/Tome 05 - scan 0079 - feuillet.jpg;conservé;e782bd0ef95c523e36ed715750cccfd91074c722d3bd3845b404bc50d93dac95;1943544;Le numéro de scan est un ordre de lecture, pas un numéro manuscrit.
5° tome/Sans titre - 84.jpg;Tome 05 - 1831-1840/Tome 05 - scan 0080 - feuillet.jpg;conservé;3f8a19ea5d022570f6130e70e7adf10b61ff3ba0164477996dee91ec34f307d5;1506707;Le numéro de scan est un ordre de lecture, pas un numéro manuscrit.
5° tome/Sans titre - 85.jpg;Tome 05 - 1831-1840/Tome 05 - scan 0081 - feuillet.jpg;conservé;615921eff3ece567eb74b86afb27702439efc7b44a6f4424f8ac1f97cfaf04d1;2012796;Le numéro de scan est un ordre de lecture, pas un numéro manuscrit.
5° tome/Sans titre - 86.jpg;Tome 05 - 1831-1840/Tome 05 - scan 0082 - feuillet.jpg;conservé;b1819fe0ab4c604c410e8f67878c92abcab1bf4f55c0133df4a3605926cb93be;1447171;Le numéro de scan est un ordre de lecture, pas un numéro manuscrit.
5° tome/Sans titre - 87.jpg;Tome 05 - 1831-1840/Tome 05 - scan 0083 - feuillet.jpg;conservé;66f4fee702ce503e6c576f5a3afd6965c40eddbb42094afc276a9df5982aadcb;1958410;Le numéro de scan est un ordre de lecture, pas un numéro manuscrit.
5° tome/Sans titre - 88.jpg;Tome 05 - 1831-1840/Tome 05 - scan 0084 - feuillet.jpg;conservé;70f805d7e0e18f845347c46b4020462512421028b037bab8708ffdbe484b55ea;1482787;Le numéro de scan est un ordre de lecture, pas un numéro manuscrit.
5° tome/Sans titre - 89.jpg;Tome 05 - 1831-1840/Tome 05 - scan 0085 - feuillet.jpg;conservé;79ad53757c2f3c21546c2af47859487d645f32d74a48096fd81c12fce696fe28;2152123;Le numéro de scan est un ordre de lecture, pas un numéro manuscrit.
5° tome/Sans titre - 90.jpg;Tome 05 - 1831-1840/Tome 05 - scan 0086 - feuillet.jpg;conservé;6dc79174d1dd8935a12fa759a60ab39be0108e3fc25d1fe0240804895061b93e;1613015;Le numéro de scan est un ordre de lecture, pas un numéro manuscrit.
5° tome/Sans titre - 91.jpg;Tome 05 - 1831-1840/Tome 05 - scan 0087 - feuillet.jpg;conservé;8cc041f569d5de61b51842ade00b5b6774971cfa00d1baac69758df0b6f0b214;2062646;Le numéro de scan est un ordre de lecture, pas un numéro manuscrit.
5° tome/Sans titre - 92.jpg;Tome 05 - 1831-1840/Tome 05 - scan 0088 - feuillet.jpg;conservé;bcec5372ade065754edea8516c6d570c3f37a2e4fe7a67a3797508a9dbd703ce;1522166;Le numéro de scan est un ordre de lecture, pas un numéro manuscrit.
5° tome/Sans titre - 93.jpg;Tome 05 - 1831-1840/Tome 05 - scan 0089 - feuillet.jpg;conservé;b5a9f7ba4c19f21bed68d417ad2fefd2d4ef6cf8457a49fb60fff4ea3b2e7af8;2038774;Le numéro de scan est un ordre de lecture, pas un numéro manuscrit.
5° tome/Sans titre - 94.jpg;Tome 05 - 1831-1840/Tome 05 - scan 0090 - feuillet.jpg;conservé;6d569aff4b097a798fd37f1d44c0be35fff7abe4d71b9adfb73f9e70b23feb4f;1499622;Le numéro de scan est un ordre de lecture, pas un numéro manuscrit.
5° tome/Sans titre - 95.jpg;Tome 05 - 1831-1840/Tome 05 - scan 0091 - feuillet.jpg;conservé;b509732ee454014cb55a9af987fd2035c8972f9593c1972691fac5a6c21eb586;1959511;Le numéro de scan est un ordre de lecture, pas un numéro manuscrit.
5° tome/Sans titre - 96.jpg;Tome 05 - 1831-1840/Tome 05 - scan 0092 - feuillet.jpg;conservé;55ae3eb977fc99feb332bffc31c0cc87a36f6a6377e7fbaac07f43bf8cc61e54;1494465;Le numéro de scan est un ordre de lecture, pas un numéro manuscrit.
5° tome/Sans titre - 97.jpg;Tome 05 - 1831-1840/Tome 05 - scan 0093 - feuillet.jpg;conservé;9d9d0e8b14664318471afc8d95968bdfbad951af645ac13b63fe841bc4fe1158;1974070;Le numéro de scan est un ordre de lecture, pas un numéro manuscrit.
5° tome/Sans titre - 98.jpg;Tome 05 - 1831-1840/Tome 05 - scan 0094 - feuillet.jpg;conservé;f34daa1b0e6df0f98d4e17845c342a9098a82dc04dc3174c9bae430689c2129c;1608456;Le numéro de scan est un ordre de lecture, pas un numéro manuscrit.
5° tome/Sans titre - 99.jpg;Tome 05 - 1831-1840/Tome 05 - scan 0095 - feuillet.jpg;conservé;1ddf02176d40b450991ff100583bfe26aced880f748a0e2524029baddef65980;2187340;Le numéro de scan est un ordre de lecture, pas un numéro manuscrit.
5° tome/Sans titre - 101.jpg;Tome 05 - 1831-1840/Tome 05 - scan 0096 - feuillet.jpg;conservé;e3b7d8610423e850f60c15d3bae2588b357563c6046dcaf775f2d760600ba513;1737555;Le numéro de scan est un ordre de lecture, pas un numéro manuscrit.
5° tome/Sans titre - 102.jpg;Tome 05 - 1831-1840/Tome 05 - scan 0097 - feuillet.jpg;conservé;a7a1807b49af2e6cf7ce64078cde784c00707f15e7d1dd926b333e8552b392d1;1968186;Le numéro de scan est un ordre de lecture, pas un numéro manuscrit.
5° tome/Sans titre - 103.jpg;Tome 05 - 1831-1840/Tome 05 - scan 0098 - feuillet.jpg;conservé;c664c928c6c56d0be67fe0889b64add48051d3bc71883b5d775d0fdaf326dba0;1519415;Le numéro de scan est un ordre de lecture, pas un numéro manuscrit.
5° tome/Sans titre - 104.jpg;Tome 05 - 1831-1840/Tome 05 - scan 0099 - feuillet.jpg;conservé;83c102852828fc75dcc12a29c805de659b998ea82cc372d0bd0b84010561d189;1776485;Le numéro de scan est un ordre de lecture, pas un numéro manuscrit.
5° tome/Sans titre - 105.jpg;Tome 05 - 1831-1840/Tome 05 - scan 0100 - feuillet.jpg;conservé;21d6af5bd1d1075b0ad540080ce5f1927af6a55ef2a1a4ee1fe73b066946b0b5;1585564;Le numéro de scan est un ordre de lecture, pas un numéro manuscrit.
5° tome/Sans titre - 106.jpg;Tome 05 - 1831-1840/Tome 05 - scan 0101 - feuillet.jpg;conservé;823d84b9085f8040283aa5420a3965cc42aa34ff25b4de43af261f06de63bd96;1790083;Le numéro de scan est un ordre de lecture, pas un numéro manuscrit.
5° tome/Sans titre - 107.jpg;Tome 05 - 1831-1840/Tome 05 - scan 0102 - feuillet.jpg;conservé;fc7f6e4c59c50b9fe9ede1de2ca420eb93a9eca2f7fa276a02aab28bc91a8823;1553592;Le numéro de scan est un ordre de lecture, pas un numéro manuscrit.
5° tome/Sans titre - 108.jpg;Tome 05 - 1831-1840/Tome 05 - scan 0103 - feuillet.jpg;conservé;75656db4e09ae799a3a47aec9120999b8cb4a6adac061bb6f096f5716352374b;1468691;Le numéro de scan est un ordre de lecture, pas un numéro manuscrit.
5° tome/Sans titre - 109.jpg;Tome 05 - 1831-1840/Tome 05 - scan 0104 - feuillet.jpg;conservé;69fc4d7555a1d59c149949f3e38d52909ca8929fdbb3c284b3f605b341da857d;1468374;Le numéro de scan est un ordre de lecture, pas un numéro manuscrit.
5° tome/Sans titre - 110.jpg;Tome 05 - 1831-1840/Tome 05 - scan 0105 - feuillet.jpg;conservé;f0650c91a366abaf6905ddc269de9ea2dc757c72a8dd11af833ac38f6b11ab74;1448775;Le numéro de scan est un ordre de lecture, pas un numéro manuscrit.
5° tome/Sans titre - 111.jpg;Tome 05 - 1831-1840/Tome 05 - scan 0106 - feuillet.jpg;conservé;84838d802bacd8da2e1967314dc456c19919da24f8d93b8eb6e9dd3f3c9311e5;1447650;Le numéro de scan est un ordre de lecture, pas un numéro manuscrit.
5° tome/Sans titre - 112.jpg;Tome 05 - 1831-1840/Tome 05 - scan 0107 - feuillet.jpg;conservé;705d227bf9b26a57964ffd5b75def3d13ef47b4f9ba7f2a1c32f20def34561e0;1030648;Le numéro de scan est un ordre de lecture, pas un numéro manuscrit.
2° tome/omission/Sans titre - 1.jpg;Documents associés/Repères et lacunes/Tome 02 - indication de classement du complément.jpg;repère conservé;64aacf13de5aa82b01884ffbf52ce2fa22c1f821505513049cd0e9fe8ce42407;542765;
2° tome/Sans titre - 62a.jpg;Documents associés/Repères et lacunes/Tome 02 - repère du chapitre 11 omis.jpg;repère conservé;29c142552b8000f4cf6a49f7d4251f35a91dd8990e582a05e90daed648a3f89b;477238;
2° tome/Sans titre - 89.jpg;Documents associés/Repères et lacunes/Tome 02 - signalement de la page 224 manquante.jpg;repère conservé;bd86f4d529164e008a7de1ceac7827d022d5df016920760e597b4ebd960a7dab;464520;
4° tome/Sans titre - 6.jpg;Documents associés/Repères et lacunes/Tome 04 - signalement de page possiblement manquante.jpg;repère conservé;99e957687c2ef681f3346e70fda7779f40e9357addfdb3a1f59579d6122a94ce;540644;
5° tome/Sans titre - 43a.jpg;Documents associés/Repères et lacunes/Tome 05 - signalement de la page 144 manquante.jpg;repère conservé;7cb4180ecd7fe5d11fb103bded181e9ca66b5be0f8e9f51f110a0d2d8dc9db4e;448618;
4° tome/Sans titre - 37a.jpg;Documents associés/Versions retouchées et annotées/Tome 04 - scan 0036 - version retouchée.jpg;variante conservée;bd761dbfc99a5e0bb4ce4a9fbede68c4c775c9f4185aac7e9a6ff46f473c92eb;1613626;"Même feuillet que Tome 04 - 1816-1830/Tome 04 - scan 0036 - feuillet.jpg ; traitement ou annotations différents."
5° tome/Sans titre - 24a.jpg;Documents associés/Versions retouchées et annotées/Tome 05 - scan 0023 - version retouchée.jpg;variante conservée;03a150ac91b7d12daa18c5822b1df76ea0bcc35c1dfb488b00ef57ecacfc2ec9;2057528;"Même feuillet que Tome 05 - 1831-1840/Tome 05 - scan 0023 - feuillet.jpg ; traitement ou annotations différents."
5° tome/Sans titre - 24b.jpg;Documents associés/Versions retouchées et annotées/Tome 05 - scan 0023 - version annotée.jpg;variante conservée;de9e3f9d52761c9b3ede80f378b5552e43b87aa8462e73e1654192cc2c71b37f;2806922;"Même feuillet que Tome 05 - 1831-1840/Tome 05 - scan 0023 - feuillet.jpg ; traitement ou annotations différents."
4° tome/Sans titre - 91.jpg;Tome 04 - 1816-1830/Tome 04 - scan 0090 - feuillet.jpg;doublon visuel non recopié;a649c02fc54e982a32909f2c88b43c641961d5a7a70185ee0a6c2055024be53f;1518330;"Même scan de la page 90 ; copie retenue sans bandes colorées de corruption. Source conservée dans le dossier fourni."
1° tome/Tome1 dactylog.pdf;Documents associés/Tome 01 - transcription Jacques Lépine 2022.pdf;document associé conservé;b98d22862facd49ec8d1a8d7c1bac9fef0080e6b2c478bc9ec24b605792584a3;2059573;"82 pages ; préambule signé Jacques Lépine, 22 décembre 2022."
1° tome/Tome1.docx;Documents associés/Tome 01 - transcription fournie.docx;document associé conservé;c05c9424e3ba4461a981be805c38c63527733b2fde84f174405536c6f52145ac;182591;
1° tome/Classeur1 Originaux.pdf;Voir CORRESPONDANCE_PDF.csv;PDF regroupant des images déjà conservées;fe676bc38a5f852406cf6ba51e9484d1804005e1f95123917b8edea3b72e7a38;186965935;124 pages représentées par les images de référence ou leurs variantes. PDF fourni inchangé dans le dossier source.
5° tome/1826 Cholera.pdf;Voir CORRESPONDANCE_PDF.csv;PDF regroupant des images déjà conservées;842ae5816f23114db8a45ee01a737cb3ac2311528de23a62ec4d3db793b53c6c;30532552;15 pages représentées par les images de référence ou leurs variantes. PDF fourni inchangé dans le dossier source.
4° tome/1822 propagation de la foi.pdf;Voir CORRESPONDANCE_PDF.csv;PDF regroupant des images déjà conservées;270c5750e93f076efde26e9d4d8ff82cee155e03b8910599c76579423075c7ef;10934603;7 pages représentées par les images de référence ou leurs variantes. PDF fourni inchangé dans le dossier source.
.DS_Store;;métadonnées Finder non importées;0c82990a85a260e0b52e8e2636fcc0d2387b42aa4338b62c16df0488abbb32c8;6148;"Fichier technique macOS ; aucun document."
1° tome/.DS_Store;;métadonnées Finder non importées;b911c0625d2ae7eb938734e6029280ca74307f98d155091bac0726683cd8cafd;6148;"Fichier technique macOS ; aucun document."
2° tome/.DS_Store;;métadonnées Finder non importées;d67874ae9c6a75f915dc605a0b43c3e107ba7ac7d1efbd00f452316efde82877;6148;"Fichier technique macOS ; aucun document."
3° tome/.DS_Store;;métadonnées Finder non importées;4deb2119b4a92f1784b2e704fbfabadff39166f4724e72c3555e33b625ba9b8c;6148;"Fichier technique macOS ; aucun document."
